name,url,price_text,review_score_text,recommended_unit_text
Nearchou Boutique Hotel,https://www.booking.com/hotel/gr/nearchou-boutique.en-gb.html,€ 116,Scored 9.8 9.8 Exceptional 191 reviews,Deluxe Double Room 1 large double bed Breakfast included Free cancellation Only 1 room left at this price on our site
"Domes Zeen Chania, a Luxury Collection Resort, Crete",https://www.booking.com/hotel/gr/domes-zeen-chania.en-gb.html,€ 304,Scored 9.2 9.2 Superb 252 reviews,"Tropical Family Bungalow, Guest room, King, Garden view 2 beds (1 extra-large double, 1 sofa bed) Breakfast included Only 3 rooms left at this price on our site"
Archontiki City Hotel,https://www.booking.com/hotel/gr/archontiki.en-gb.html,€ 49,"Scored 8.3 8.3 Very good 1,124 reviews",Economy Single Room 1 single bed Free cancellation Only 1 room left at this price on our site
Rooms 47,https://www.booking.com/hotel/gr/rooms-47.en-gb.html,€ 39,Scored 7.4 7.4 Good 757 reviews,Double or Twin Room with Sea View Beds: 1 double or 2 singles Free cancellation Only 1 room left at this price on our site
MmeBassia,https://www.booking.com/hotel/gr/mmebassia.en-gb.html,€ 46,Scored 8.0 8.0 Very good 217 reviews,"Large Double Room 2 beds (1 single, 1 large double) Free cancellation Only 2 rooms left at this price on our site"
Loucerna Suites Chania,https://www.booking.com/hotel/gr/tower-loucerna.en-gb.html,€ 70,Scored 9.1 9.1 Superb 378 reviews,Superior Single Room with Sea View 1 single bed Breakfast included Only 1 room left at this price on our site
Constantinos Studios,https://www.booking.com/hotel/gr/constantino-s-studios.en-gb.html,€ 42,Scored 8.6 8.6 Fabulous 615 reviews,Single Studio Private suite 1 single bed Free cancellation Only 4 left at this price on our site
Areti Suites,https://www.booking.com/hotel/gr/areti-suites.en-gb.html,€ 77,"Scored 8.5 8.5 Very good 1,081 reviews",Economy Double Room 1 double bed Breakfast included Only 2 rooms left at this price on our site
Narkissos 'SUPERB',https://www.booking.com/hotel/gr/narkissos-chania.en-gb.html,€ 48,Scored 8.5 8.5 Very good 741 reviews,"Economy Double or Twin Room 2 beds (1 single, 1 large double) Only 1 room left at this price on our site"
Mosaic,https://www.booking.com/hotel/gr/euphoria-city-apartments.en-gb.html,€ 64,"Scored 9.4 9.4 Superb 1,209 reviews",Junior Suite with Balcony Private suite 1 large double bed Free cancellation Only 1 left at this price on our site
Hilton Garden Inn Chania City,https://www.booking.com/hotel/gr/hilton-garden-inn-chania-city.en-gb.html,€ 184,Scored 9.9 9.9 Exceptional 13 reviews,Twin Room 2 single beds Free cancellation No prepayment needed – pay at the property
Old Town Suites,https://www.booking.com/hotel/gr/old-town-suites.en-gb.html,€ 59,Scored 8.5 8.5 Very good 511 reviews,Standard Studio Entire studio • 1 bathroom • 19 m² 1 extra-large double bed Only 1 left at this price on our site
Notus Chania Crete,https://www.booking.com/hotel/gr/notus.en-gb.html,€ 98,Scored 8.9 8.9 Fabulous 439 reviews,"Superior Studio Ground Floor with Veranda Entire studio • 1 bathroom • 30 m² 2 beds (1 sofa bed, 1 large double) Only 1 left at this price on our site"
Mare Boutique,https://www.booking.com/hotel/gr/mare-boutique.en-gb.html,€ 29,Scored 8.2 8.2 Very good 27 reviews,Superior Queen Room 1 double bed Only 2 rooms left at this price on our site
Panthea Luxury Living,https://www.booking.com/hotel/gr/panthea-luxury-living-khania2.en-gb.html,€ 65,Scored 9.5 9.5 Exceptional 262 reviews,Economy Double Room 1 large double bed Free cancellation Only 1 room left at this price on our site
Enetiko Rooms,https://www.booking.com/hotel/gr/enetiko-rooms.en-gb.html,€ 57,Scored 8.8 8.8 Fabulous 255 reviews,Double Room 1 double bed Only 2 rooms left at this price on our site
Baladinos Apartments,https://www.booking.com/hotel/gr/baladinos-apartments.en-gb.html,€ 49,Scored 9.2 9.2 Superb 230 reviews,Standard Studio Entire studio • 1 bathroom • 1 kitchen • 28 m² 3 single beds Only 5 left at this price on our site
Consolato Boutique,https://www.booking.com/hotel/gr/consolato-boutique.en-gb.html,€ 118,Scored 9.6 9.6 Exceptional 292 reviews,Single Room with Terrace and Panoramic View 1 double bed Only 1 room left at this price on our site
Chrispy City Living ex Nefeli,https://www.booking.com/hotel/gr/nefeli.en-gb.html,€ 152,Scored 8.5 8.5 Very good 782 reviews,Superior Double Room Beds: 1 double or 2 singles Breakfast included
Casa 28 City Apartments,https://www.booking.com/hotel/gr/casa-28-city-apartments.en-gb.html,€ 70,Scored 9.4 9.4 Superb 54 reviews,Deluxe Studio Entire studio • 1 bathroom • 1 kitchen • 16 m² 1 double bed Only 1 left at this price on our site
Ciel Collection Suites,https://www.booking.com/hotel/gr/koum-kapi.en-gb.html,€ 79,Scored 9.4 9.4 Superb 585 reviews,Junior Suite Ground Floor Private suite 1 large double bed Only 1 left at this price on our site
Alexandros Studios,https://www.booking.com/hotel/gr/alexandros-studios.en-gb.html,€ 60,Scored 9.4 9.4 Superb 670 reviews,Double Room with Pool View Multiple bed types Free cancellation No prepayment needed – pay at the property Only 3 rooms left at this price on our site
Theofilos City Hotel,https://www.booking.com/hotel/gr/theofilos.en-gb.html,€ 70,Scored 9.0 9.0 Superb 256 reviews,Budget Twin Room 2 single beds Only 2 rooms left at this price on our site
Kumba in Nea Chora,https://www.booking.com/hotel/gr/kumba-in-nea-chora.en-gb.html,€ 61,Scored 7.8 7.8 Good 911 reviews,Double or Twin Room with Balcony 2 single beds Only 3 rooms left at this price on our site
El Greco Hotel,https://www.booking.com/hotel/gr/el-greco.en-gb.html,€ 81,"Scored 9.1 9.1 Superb 1,340 reviews",Single Room - Interior Multiple bed types Breakfast included Only 3 rooms left at this price on our site
Apollon Hotel,https://www.booking.com/hotel/gr/apollon-chania1.en-gb.html,€ 57,Scored 8.6 8.6 Fabulous 214 reviews,Double Room with Private Bathroom 1 double bed Free cancellation Only 6 rooms left at this price on our site
ANTEL Suites & Apartments,https://www.booking.com/hotel/gr/antel-suites-and-apartments.en-gb.html,€ 77,Scored 9.7 9.7 Exceptional 583 reviews,Standard Triple Room Multiple bed types Free cancellation Only 2 left at this price on our site
Royal Sun,https://www.booking.com/hotel/gr/royal-sun.en-gb.html,€ 79,"Scored 9.2 9.2 Superb 2,048 reviews",Single Room with Sea View 1 single bed Breakfast included
Sapphire Blue Suites,https://www.booking.com/hotel/gr/sapphire-blue-suites.en-gb.html,€ 74,Scored 9.4 9.4 Superb 261 reviews,"Suite Private suite • 1 bedroom • 1 living room • 1 bathroom • 55 m² 2 beds (1 double, 1 sofa bed) Only 1 left at this price on our site"
Sapphire Horizon Suites,https://www.booking.com/hotel/gr/sapphire-horizon-suites.en-gb.html,€ 72,Scored 9.4 9.4 Superb 256 reviews,Junior Suite with Mountain View Private suite • 1 bedroom • 1 living room • 1 bathroom • 48 m² 1 large double bed Only 1 left at this price on our site
Corinna Mare,https://www.booking.com/hotel/gr/corinna-mare.en-gb.html,€ 71,Scored 9.1 9.1 Superb 977 reviews,"Suite street view Private suite • 1 bedroom • 1 living room • 1 bathroom • 35 m² 3 beds (1 extra-large double, 2 sofa beds) Only 3 left at this price on our site"
Irida Hotel,https://www.booking.com/hotel/gr/irida-khania.en-gb.html,€ 95,"Scored 8.9 8.9 Fabulous 1,349 reviews",Superior Double or Twin Room with City View Beds: 1 double or 2 singles Breakfast included Only 1 room left at this price on our site
La Mer Resort & Spa Crete,https://www.booking.com/hotel/gr/la-mer-resort-amp-spa-georgioupolis.en-gb.html,€ 141,Scored 9.2 9.2 Superb 903 reviews,Essential Room Breakfast included
Camere Maritima,https://www.booking.com/hotel/gr/camere-maritima-chania.en-gb.html,€ 97,Scored 9.6 9.6 Exceptional 372 reviews,Standard Double or Twin Room 1 double bed Free cancellation Only 2 rooms left at this price on our site
Morum City Hotel Chania,https://www.booking.com/hotel/gr/morum-city-chania.en-gb.html,€ 105,"Scored 9.1 9.1 Superb 1,003 reviews",Deluxe Single Room with Balcony 1 single bed Breakfast included Only 1 room left at this price on our site
Alexis Hotel,https://www.booking.com/hotel/gr/alexis.en-gb.html,€ 127,Scored 8.7 8.7 Fabulous 735 reviews,Double or Twin Room Beds: 1 double or 2 singles Breakfast included Free cancellation Only 5 rooms left at this price on our site
Cocoon City Hostel,https://www.booking.com/hotel/gr/cocoon-city-hostel.en-gb.html,€ 18,"Scored 9.0 9.0 Superb 1,838 reviews",Bed in 8-Bed Mixed Dormitory Room Bed in dormitory 1 bunk bed Free cancellation
Gregory Comfort Hotel,https://www.booking.com/hotel/gr/gregory-comfort.en-gb.html,€ 73,"Scored 8.8 8.8 Fabulous 1,425 reviews",Standard Double Room 1 large double bed Breakfast included
Endless Blue Suites,https://www.booking.com/hotel/gr/endless-blue-suites.en-gb.html,€ 83,Scored 8.6 8.6 Fabulous 76 reviews,Deluxe Double Room with Sea View 1 extra-large double bed Free cancellation No prepayment needed – pay at the property Only 1 room left at this price on our site
Sofias Home,https://www.booking.com/hotel/gr/sofias-home.en-gb.html,€ 65,Scored 8.9 8.9 Fabulous 174 reviews,"Holiday Home Entire holiday home • 2 bedrooms • 1 bathroom • 44 m² 2 beds (1 sofa bed, 1 large double) Free cancellation"
Renieris Hotel,https://www.booking.com/hotel/gr/renieris.en-gb.html,€ 79,Scored 9.4 9.4 Superb 521 reviews,Twin Room - Special Offer Garden View 1 single bed Breakfast included Free cancellation No prepayment needed – pay at the property Only 1 room left at this price on our site
Centro Storico,https://www.booking.com/hotel/gr/centro-storico.en-gb.html,€ 93,Scored 9.1 9.1 Superb 770 reviews,Superior Studio with Garden View Entire studio • 1 bathroom • 20 m² Beds: 1 double or 2 singles Only 1 left at this price on our site
Hotel Amphora,https://www.booking.com/hotel/gr/amphora.en-gb.html,€ 94,Scored 9.2 9.2 Superb 292 reviews,Economy Double Room Beds: 1 double or 2 singles Only 1 room left at this price on our site
Plaza 1866 Superior City Rooms,https://www.booking.com/hotel/gr/plaza1866.en-gb.html,€ 87,Scored 9.6 9.6 Exceptional 370 reviews,Standard Single Room with Internal View 1 single bed Only 1 room left at this price on our site
Giannoulis - Santa Marina Plaza (Adults Only),https://www.booking.com/hotel/gr/santa-marina-plaza.en-gb.html,€ 144,Scored 8.9 8.9 Fabulous 88 reviews,"Economy Double or Twin Room 2 beds (1 sofa bed, 1 large double) Breakfast included Only 1 room left at this price on our site"
Iolkos Hotel Apartments,https://www.booking.com/hotel/gr/iolkos-apartments.en-gb.html,€ 55,Scored 9.4 9.4 Superb 195 reviews,Studio with Garden View Entire studio • 1 bathroom • 30 m² Multiple bed types Only 2 left at this price on our site
Kriti Hotel,https://www.booking.com/hotel/gr/kritihotel.en-gb.html,€ 104,Scored 8.8 8.8 Fabulous 921 reviews,Economy Twin Room 2 single beds Breakfast included Free cancellation
Elysia Boutique Hotel,https://www.booking.com/hotel/gr/elysia-boutique-khania.en-gb.html,€ 264,Scored 9.9 9.9 Exceptional 181 reviews,Superior Double Room 1 large double bed Breakfast included Free cancellation Only 1 room left at this price on our site
Trianon Luxury Apartments & Suites,https://www.booking.com/hotel/gr/trianon-luxury-apartments-amp-suites.en-gb.html,€ 75,Scored 8.7 8.7 Fabulous 896 reviews,Double Room 1 large double bed
Pantheon Aparthotel,https://www.booking.com/hotel/gr/pantheon-apartments-chania-town.en-gb.html,€ 57,Scored 7.6 7.6 Good 383 reviews,Studio with Sea View Entire studio • 1 bathroom • 22 m² 1 double bed Only 2 left at this price on our site
Studios Staring at the Sunset,https://www.booking.com/hotel/gr/studio-staring-at-the-sunset.en-gb.html,€ 63,Scored 8.9 8.9 Fabulous 83 reviews,Studio Apartment with Sea View Entire apartment • 1 bedroom • 1 bathroom • 1 kitchen • 24 m² 1 double bed Free cancellation Only 1 left at this price on our site
Maria Beach Hotel,https://www.booking.com/hotel/gr/maria-beach.en-gb.html,€ 66,Scored 9.0 9.0 Superb 640 reviews,Standard Double Room Beds: 1 double or 2 singles Only 1 room left at this price on our site
Epavli Boutique Hotel,https://www.booking.com/hotel/gr/epavli-chania.en-gb.html,€ 109,Scored 9.5 9.5 Exceptional 600 reviews,Standard Double or Twin Room 1 extra-large double bed Breakfast included Only 1 room left at this price on our site
Georgioupolis Beach Hotel,https://www.booking.com/hotel/gr/georgioupolis-beach.en-gb.html,€ 154,Scored 9.0 9.0 Superb 133 reviews,Deluxe Single Room 1 single bed Breakfast & dinner included Free cancellation No prepayment needed – pay at the property Only 4 rooms left at this price on our site
La Sistina,https://www.booking.com/hotel/gr/la-sistina.en-gb.html,€ 136,Scored 8.8 8.8 Fabulous 15 reviews,"Three-Bedroom Deluxe Apartment Entire apartment • 3 bedrooms • 1 living room • 2 bathrooms • 1 kitchen • 140 m² 3 beds (1 extra-large double, 2 large doubles)"
ELG Contessa Boutique Hotel,https://www.booking.com/hotel/gr/contessa.en-gb.html,€ 93,Scored 8.5 8.5 Very good 327 reviews,Economy Interior Double Room 1 double bed Only 1 room left at this price on our site
Akrotiri Hotel,https://www.booking.com/hotel/gr/akrotiri-hotel-chania.en-gb.html,€ 86,Scored 9.0 9.0 Superb 153 reviews,Single Room 1 double bed Breakfast included Only 1 room left at this price on our site
Frida Apartments,https://www.booking.com/hotel/gr/frida.en-gb.html,€ 90,Scored 8.8 8.8 Fabulous 681 reviews,Double Studio Entire studio • 1 bathroom • 25 m² 1 double bed Only 2 left at this price on our site
Giannoulis - Grand Bay Beach Resort (Exclusive Adults Only),https://www.booking.com/hotel/gr/grand-bay-beach-resort.en-gb.html,€ 118,Scored 8.3 8.3 Very good 123 reviews,Standard Double Room with Garden View Beds: 1 double or 2 singles Breakfast included Only 4 rooms left at this price on our site
Diporto,https://www.booking.com/hotel/gr/todiporto-rooms.en-gb.html,€ 41,Scored 8.3 8.3 Very good 852 reviews,Budget Double Room 1 double bed Only 5 rooms left at this price on our site
Elotis Suites,https://www.booking.com/hotel/gr/elotis-suites.en-gb.html,€ 55,Scored 8.7 8.7 Fabulous 79 reviews,"Studio Entire studio • 1 bathroom • 25 m² 3 beds (2 singles, 1 sofa bed) Free cancellation Only 1 left at this price on our site"
Cretan Renaissance,https://www.booking.com/hotel/gr/cretan-renaissance.en-gb.html,€ 191,Scored 9.4 9.4 Superb 334 reviews,Deluxe Double Room with Sea View and Balcony (Aretousa) 1 large double bed Breakfast included Only 1 room left at this price on our site
Bluebell Luxury Suites,https://www.booking.com/hotel/gr/bluebell-luxury-suites.en-gb.html,€ 86,Scored 8.7 8.7 Fabulous 297 reviews,Double Suite Ground Floor Private suite 1 large double bed Free cancellation Only 1 left at this price on our site
Hotel Off,https://www.booking.com/hotel/gr/off.en-gb.html,€ 132,Scored 9.5 9.5 Exceptional 615 reviews,Economy Double Room with City View 1 large double bed Breakfast included Only 1 room left at this price on our site
Porto Veneziano Hotel,https://www.booking.com/hotel/gr/bw-porto-veneziano.en-gb.html,€ 145,"Scored 9.3 9.3 Superb 1,138 reviews",Economy Single Room 1 double bed Breakfast included Only 4 rooms left at this price on our site
Cozy Corner Luxury Apartments,https://www.booking.com/hotel/gr/cozy-corner.en-gb.html,€ 102,Scored 9.7 9.7 Exceptional 243 reviews,"One-Bedroom Apartment Entire apartment • 1 bedroom • 1 living room • 1 bathroom • 1 kitchen • 25 m² 2 beds (1 sofa bed, 1 large double) Free cancellation Only 2 left at this price on our site"
Milos Alexandra Studio,https://www.booking.com/hotel/gr/milos-studios-frangokastello.en-gb.html,€ 59,Scored 8.6 8.6 Fabulous 100 reviews,"Studio Apartment with Sea View Entire apartment • 1 bedroom • 1 bathroom • 30 m² 3 beds (2 singles, 1 sofa bed) Only 3 left at this price on our site"
Elpida Seafront Paradise apartment in Crete,https://www.booking.com/hotel/gr/elpida-seafront-paradise.en-gb.html,€ 206,Scored 9.0 9.0 Superb 12 reviews,"Apartment Entire apartment • 1 bedroom • 1 living room • 1 bathroom • 1 kitchen • 55 m² 2 beds (1 single, 1 large double)"
Atrion Resort Hotel,https://www.booking.com/hotel/gr/atrion.en-gb.html,€ 72,Scored 8.8 8.8 Fabulous 247 reviews,"Studio with Terrace Entire studio 3 beds (2 singles, 1 sofa bed) Breakfast included Only 3 left at this price on our site"
TheJoy,https://www.booking.com/hotel/gr/the-joy-hotel.en-gb.html,€ 65,Scored 8.7 8.7 Fabulous 293 reviews,Standard Double or Twin Room Beds: 1 double or 2 singles Free cancellation Only 2 rooms left at this price on our site
Halepa Hotel,https://www.booking.com/hotel/gr/halepahotel.en-gb.html,€ 99,Scored 8.9 8.9 Fabulous 457 reviews,Standard Single Room Multiple bed types Breakfast included Only 2 rooms left at this price on our site
Georgioupolis Plaza Suites,https://www.booking.com/hotel/gr/georgioupoli-plaza-suites.en-gb.html,€ 61,Scored 8.6 8.6 Fabulous 136 reviews,Suite Private suite 1 double bed Free cancellation Only 1 left at this price on our site
Nima Boutique Hotel,https://www.booking.com/hotel/gr/nima-boutique.en-gb.html,€ 78,Scored 9.4 9.4 Superb 569 reviews,"Standard Room 2 beds (1 double, 1 sofa bed) Breakfast included Free cancellation Only 2 rooms left at this price on our site"
"Chania Flair Boutique Hotel, Adults only, Tapestry Collection by Hilton",https://www.booking.com/hotel/gr/chania-flair-boutique-hotel-tapestry-collection-by-hilton.en-gb.html,€ 189,Scored 9.4 9.4 Superb 318 reviews,Style King Room 1 extra-large double bed Breakfast included
Yasmine Apartments and Rooms,https://www.booking.com/hotel/gr/jasmine-by-bluebell-apartments.en-gb.html,€ 74,Scored 9.0 9.0 Superb 220 reviews,Queen Room with Garden View 1 double bed Free cancellation Only 1 room left at this price on our site
Giannoulis – Santa Marina Beach Hotel,https://www.booking.com/hotel/gr/santa-marina-beach.en-gb.html,€ 103,Scored 8.3 8.3 Very good 96 reviews,Single Room with Garden View 1 single bed Breakfast included Only 1 room left at this price on our site
Fivos Pension,https://www.booking.com/hotel/gr/pension-fivos.en-gb.html,€ 42,Scored 8.8 8.8 Fabulous 517 reviews,Double Room 1 double bed Free cancellation No prepayment needed – pay at the property Only 1 room left at this price on our site
Ionas Boutique Hotel,https://www.booking.com/hotel/gr/ionas.en-gb.html,€ 132,Scored 9.4 9.4 Superb 395 reviews,Double Room - Ground Floor Beds: 1 double or 2 singles Breakfast included Free cancellation Only 1 room left at this price on our site
No17 Pireos Street,https://www.booking.com/hotel/gr/no17-pireos-street.en-gb.html,€ 207,Scored 9.6 9.6 Exceptional 51 reviews,"Two-Bedroom Apartment Entire apartment • 2 bedrooms • 1 living room • 2 bathrooms • 1 kitchen • 90 m² 4 beds (2 singles, 1 sofa bed, 1 large double) Free cancellation"
Charming apartment in Halepa!,https://www.booking.com/hotel/gr/charming-apartment-in-halepa.en-gb.html,€ 40,Scored 9.1 9.1 Superb 91 reviews,"One-Bedroom Apartment Entire apartment • 1 bedroom • 1 living room • 1 bathroom • 1 kitchen • 40 m² 2 beds (1 double, 1 sofa bed)"
Monastery Estate Venetian Harbor,https://www.booking.com/hotel/gr/monastery-estate-chania.en-gb.html,€ 235,Scored 9.4 9.4 Superb 397 reviews,Signature Suite with Patio and Hot Tub Private suite 1 large double bed Free cancellation Only 1 left at this price on our site
Stefanos Garden,https://www.booking.com/hotel/gr/stefanos-garden.en-gb.html,€ 55,Scored 8.9 8.9 Fabulous 155 reviews,Superior Apartment Entire apartment • 1 bedroom • 1 bathroom • 30 m² 1 large double bed Free cancellation Only 1 left at this price on our site
Azure Beach Villas,https://www.booking.com/hotel/gr/azure-beach.en-gb.html,€ 90,Scored 8.6 8.6 Fabulous 464 reviews,"One-Bedroom Villa with Sharing Pool Entire villa • 1 bedroom • 1 bathroom • 1 kitchen • 50 m² 2 beds (1 sofa bed, 1 large double) Free cancellation Only 3 left at this price on our site"
Kavos Hotel & Suites,https://www.booking.com/hotel/gr/kavosbeachapartmentsandstudioschania.en-gb.html,€ 101,"Scored 9.4 9.4 Superb 1,081 reviews",Superior Double Studio with partial Sea View Entire studio • 1 bathroom • 22 m² 1 extra-large double bed Breakfast included Only 1 left at this price on our site
Liza's Place,https://www.booking.com/hotel/gr/lizas-place.en-gb.html,€ 52,Scored 9.5 9.5 Exceptional 45 reviews,"Apartment Entire apartment • 1 bedroom • 1 bathroom • 48 m² 3 beds (1 single, 1 double, 1 sofa bed) Free cancellation Only 1 left at this price on our site"
Nanakis Beach Apartments,https://www.booking.com/hotel/gr/nanakis-beach-apartments.en-gb.html,€ 76,Scored 9.6 9.6 Exceptional 425 reviews,"One-Bedroom Apartment with Garden View Entire apartment • 1 bedroom • 1 living room • 1 bathroom • 45 m² 3 beds (2 sofa beds, 1 large double) Only 2 left at this price on our site"
Villa Venezia,https://www.booking.com/hotel/gr/villa-venezia.en-gb.html,€ 99,Scored 7.9 7.9 Good 255 reviews,Triple Room with City View Multiple bed types Free cancellation Only 1 room left at this price on our site
Elia Sea Suites,https://www.booking.com/hotel/gr/elia-sea-suites.en-gb.html,€ 220,Scored 9.4 9.4 Superb 244 reviews,"Queen Room - Disability Access 2 beds (1 double, 1 sofa bed) Breakfast included"
Casa Dasyra,https://www.booking.com/hotel/gr/casa-dasyra.en-gb.html,€ 53,Scored 9.0 9.0 Superb 370 reviews,Standard Double Room 1 large double bed Free cancellation Only 1 room left at this price on our site
Avra City Boutique Hotel,https://www.booking.com/hotel/gr/avra-city-hotel.en-gb.html,€ 178,Scored 9.0 9.0 Superb 252 reviews,Standard Single Room 1 single bed Breakfast included Only 1 room left at this price on our site
Downtown Delight,https://www.booking.com/hotel/gr/downtown-delight-khania.en-gb.html,€ 110,Scored 9.6 9.6 Exceptional 84 reviews,"Two-Bedroom Apartment Entire apartment • 2 bedrooms • 1 living room • 1 bathroom • 1 kitchen • 73 m² 4 beds (2 singles, 1 sofa bed, 1 large double)"
Aelios Design Hotel,https://www.booking.com/hotel/gr/aelios-design.en-gb.html,€ 71,Scored 9.3 9.3 Superb 527 reviews,Standard Double or Twin Room 1 large double bed Free cancellation No prepayment needed – pay at the property Only 1 room left at this price on our site
Mossa Well Being Hotel - Heated pool and Wellness Spa,https://www.booking.com/hotel/gr/mossa.en-gb.html,€ 172,Scored 9.7 9.7 Exceptional 300 reviews,"Superior Double Room - pool view 3 beds (2 sofa beds, 1 large double) Breakfast included Free cancellation Only 2 rooms left at this price on our site"
Domus Blanc Boutique Hotel,https://www.booking.com/hotel/gr/domus-blanc.en-gb.html,€ 204,Scored 9.8 9.8 Exceptional 202 reviews,Classic Double Room 1 large double bed Breakfast included Only 1 room left at this price on our site
Kydon The Heart City Hotel,https://www.booking.com/hotel/gr/kydon.en-gb.html,€ 132,"Scored 9.2 9.2 Superb 1,349 reviews",Comfort Double or Twin Room Beds: 1 double or 2 singles Breakfast included Free cancellation
SanSal Boutique Hotel,https://www.booking.com/hotel/gr/sansal-boutique.en-gb.html,€ 169,Scored 9.4 9.4 Superb 578 reviews,Deluxe Room 1 large double bed Breakfast included Only 1 room left at this price on our site
Secret Garden Hotel,https://www.booking.com/hotel/gr/secret-garden-maleme.en-gb.html,€ 66,Scored 8.8 8.8 Fabulous 285 reviews,Double Room with Balcony Beds: 1 double or 2 singles Only 1 room left at this price on our site
Smaragdi,https://www.booking.com/hotel/gr/smaragdi-73100.en-gb.html,€ 45,Scored 8.2 8.2 Very good 533 reviews,Double or Twin Room Beds: 1 double or 2 singles Only 1 room left at this price on our site
GT Beach,https://www.booking.com/hotel/gr/gt-beach.en-gb.html,€ 78,Scored 8.2 8.2 Very good 838 reviews,Deluxe Double Room with Sea View 2 single beds Breakfast included
Pension Lena,https://www.booking.com/hotel/gr/pension-lena.en-gb.html,€ 47,Scored 8.5 8.5 Very good 267 reviews,"Double Room 2 beds (1 double, 1 sofa bed) Only 1 room left at this price on our site"
Santrivani Rooms,https://www.booking.com/hotel/gr/santrivani.en-gb.html,€ 91,Scored 9.3 9.3 Superb 399 reviews,Deluxe Double or Twin Room Beds: 1 double or 2 singles Free cancellation Only 1 room left at this price on our site
Akrogiali,https://www.booking.com/hotel/gr/akrogiali-kissamos.en-gb.html,€ 58,Scored 8.6 8.6 Fabulous 169 reviews,"Studio Entire studio • 1 bathroom • 1 kitchen • 18 m² 2 beds (1 single, 1 double) Only 1 left at this price on our site"
Serenissima Boutique Hotel,https://www.booking.com/hotel/gr/serenissima.en-gb.html,€ 180,Scored 9.4 9.4 Superb 138 reviews,Standard Double Room 1 large double bed Breakfast included Only 1 room left at this price on our site
Leste Luxury Homes,https://www.booking.com/hotel/gr/leste-luxury-homes.en-gb.html,€ 150,Scored 9.8 9.8 Exceptional 207 reviews,"Two-Bedroom Home With Sea View & without Pool 3 beds (2 singles, 1 extra-large double) Only 1 room left at this price on our site"
Boutique Hotel Del Doge,https://www.booking.com/hotel/gr/doge-traditional.en-gb.html,€ 115,Scored 8.8 8.8 Fabulous 419 reviews,"Junior Suite Private suite 3 beds (1 single, 1 double, 1 sofa bed) Only 4 left at this price on our site"
La Maison Ottomane,https://www.booking.com/hotel/gr/la-maison-ottomane-chaniatown.en-gb.html,€ 281,Scored 9.7 9.7 Exceptional 281 reviews,Luxury Junior Suite Private suite 1 large double bed Breakfast included Only 1 left at this price on our site
Dreta Suites,https://www.booking.com/hotel/gr/dreta-suites.en-gb.html,€ 102,Scored 9.7 9.7 Exceptional 475 reviews,"Deluxe Studio Entire studio • 1 bathroom • 1 kitchen • 40 m² 2 beds (1 single, 1 large double) Free cancellation Only 1 left at this price on our site"
Madrugada,https://www.booking.com/hotel/gr/madrugada.en-gb.html,€ 164,Scored 9.5 9.5 Exceptional 104 reviews,"Two-Bedroom Apartment Entire apartment • 2 bedrooms • 1 living room • 2 bathrooms • 86 m² 4 beds (2 singles, 1 sofa bed, 1 large double)"
Hera Studios,https://www.booking.com/hotel/gr/hera-studios.en-gb.html,€ 52,Scored 8.3 8.3 Very good 273 reviews,Budget Single Room 1 single bed Free cancellation Only 1 room left at this price on our site
Ambassadors Residence Boutique Hotel,https://www.booking.com/hotel/gr/ambassadors-residence.en-gb.html,€ 242,Scored 9.4 9.4 Superb 135 reviews,Classic Double Room 1 large double bed Breakfast included Free cancellation Only 1 room left at this price on our site
Kaliviani Traditional Hotel,https://www.booking.com/hotel/gr/kaliviani.en-gb.html,€ 122,Scored 9.7 9.7 Exceptional 330 reviews,Standard Double Room with Sea View 1 large double bed Only 3 rooms left at this price on our site
Almyrida Resort,https://www.booking.com/hotel/gr/almyrida-resort.en-gb.html,€ 106,Scored 8.8 8.8 Fabulous 202 reviews,Double or Twin Room with Garden View Beds: 1 double or 2 singles Breakfast included Free cancellation Only 3 rooms left at this price on our site
Polixeny's Suites,https://www.booking.com/hotel/gr/polyxeny-39-s-suites.en-gb.html,€ 69,Scored 9.5 9.5 Exceptional 445 reviews,"Junior Suite with Balcony Private suite • 1 bedroom • 1 living room • 1 bathroom • 70 m² 2 beds (1 sofa bed, 1 large double) Only 1 left at this price on our site"
Constantinos Budget Beds,https://www.booking.com/hotel/gr/constantinos-budget-beds.en-gb.html,€ 31,Scored 8.0 8.0 Very good 100 reviews,Budget Double Room Multiple bed types Free cancellation Only 4 rooms left at this price on our site
Geana Apartments,https://www.booking.com/hotel/gr/geana-apartments.en-gb.html,€ 52,Scored 8.5 8.5 Very good 361 reviews,Apartment - Ground Floor 1 Entire apartment • 1 bedroom • 1 bathroom • 22 m² 1 double bed Free cancellation Only 3 left at this price on our site
Areti Aparthotel,https://www.booking.com/hotel/gr/areti-aparthotel.en-gb.html,€ 56,Scored 8.2 8.2 Very good 333 reviews,"Ground Floor Room 2 beds (1 sofa bed, 1 large double)"
Scala de Faro,https://www.booking.com/hotel/gr/scala-residence-chania-town.en-gb.html,€ 242,Scored 9.4 9.4 Superb 90 reviews,Classic Double Room Street View 1 large double bed Breakfast included Free cancellation Only 2 rooms left at this price on our site
Casa Delfino Hotel & Spa,https://www.booking.com/hotel/gr/casa-delfino-old-harbour.en-gb.html,€ 270,Scored 9.5 9.5 Exceptional 378 reviews,Classic Room Beds: 1 double or 2 singles Breakfast included Only 1 room left at this price on our site
Christi Apartments,https://www.booking.com/hotel/gr/christi-apartments.en-gb.html,€ 62,Scored 9.3 9.3 Superb 170 reviews,Studio (2 Adults) Entire studio • 1 bathroom • 1 kitchen • 25 m² Multiple bed types Only 1 left at this price on our site
Porto Chania,https://www.booking.com/hotel/gr/portochania.en-gb.html,€ 54,Scored 9.0 9.0 Superb 478 reviews,Small Single Room 1 single bed Free cancellation Only 1 room left at this price on our site
The Tanneries Hotel & Spa - a Member of Design Hotels,https://www.booking.com/hotel/gr/the-tanneries-amp-spa.en-gb.html,€ 324,Scored 9.5 9.5 Exceptional 576 reviews,"Junior Suite Sea Front Private suite • 1 bedroom • 1 living room • 1 bathroom • 35 m² 2 beds (1 extra-large double, 1 sofa bed) Breakfast included Only 7 left at this price on our site"
Tina Hotel,https://www.booking.com/hotel/gr/tina.en-gb.html,€ 46,Scored 8.0 8.0 Very good 475 reviews,Single Room 1 single bed Free cancellation Only 4 rooms left at this price on our site
Artemis Hotel-MeRaki Restaurant,https://www.booking.com/hotel/gr/artemis-meraki-restaurant.en-gb.html,€ 47,Scored 7.9 7.9 Good 128 reviews,"Deluxe Triple Room with Sea View 2 beds (1 single, 1 double) Only 3 rooms left at this price on our site"
Casa della Favola Boutique Hotel,https://www.booking.com/hotel/gr/casa-della-favola.en-gb.html,€ 82,Scored 9.2 9.2 Superb 94 reviews,Junior Suite with Terrace Private suite • 1 bedroom • 1 living room • 1 bathroom • 35 m² 2 single beds Only 3 left at this price on our site
Kydonia Rooms,https://www.booking.com/hotel/gr/kydonia-rooms.en-gb.html,€ 42,Scored 5.9 5.9 Review score 236 reviews,Double or Twin Room Beds: 1 double or 2 singles Only 4 rooms left at this price on our site
Hotel Alkyon,https://www.booking.com/hotel/gr/alkyon-khora-sfakion.en-gb.html,€ 44,Scored 7.4 7.4 Good 703 reviews,Single Room with Balcony 1 single bed Free cancellation Only 2 rooms left at this price on our site
Ifigenia by Captain Michalis,https://www.booking.com/hotel/gr/ifigenia-captain-michalis.en-gb.html,€ 60,Scored 8.6 8.6 Fabulous 179 reviews,"Deluxe One-Bedroom Apartment with City View Entire apartment • 1 bedroom • 1 living room • 1 bathroom • 48 m² 2 beds (1 sofa bed, 1 large double) Breakfast included Only 1 left at this price on our site"
Sirios Village Hotel & Bungalows - All Inclusive,https://www.booking.com/hotel/gr/sirios-village.en-gb.html,€ 131,Scored 8.9 8.9 Fabulous 105 reviews,Double or Twin Superior All-inclusive Free cancellation
Elafonisi Rooms For Rent,https://www.booking.com/hotel/gr/elafonisi-rooms-for-rent.en-gb.html,€ 43,Scored 8.5 8.5 Very good 792 reviews,Double Room with Balcony 2 single beds Only 2 rooms left at this price on our site
Eleni Apartments,https://www.booking.com/hotel/gr/eleni-apartments-chania.en-gb.html,€ 52,Scored 8.8 8.8 Fabulous 266 reviews,Apartment with Balcony Entire apartment • 1 bedroom • 1 living room • 1 bathroom • 1 kitchen • 35 m² 2 large double beds Only 2 left at this price on our site
Lucia Hotel,https://www.booking.com/hotel/gr/lucia.en-gb.html,€ 71,"Scored 8.3 8.3 Very good 1,714 reviews",Economy Double or Twin Room Beds: 1 double or 2 singles Free cancellation No prepayment needed – pay at the property Only 6 rooms left at this price on our site
EdgeWater Beach Hotel,https://www.booking.com/hotel/gr/edgewater-beach-khania.en-gb.html,€ 105,Scored 9.3 9.3 Superb 89 reviews,Double Room with Mountain View 1 large double bed Only 6 rooms left at this price on our site
MYLOS (6),https://www.booking.com/hotel/gr/mylos-6.en-gb.html,€ 43,Scored 7.7 7.7 Good 25 reviews,One-Bedroom Apartment Entire apartment • 1 bedroom • 1 bathroom • 25 m² 1 double bed
Hotel Christina,https://www.booking.com/hotel/gr/christina-chania.en-gb.html,€ 137,Scored 9.1 9.1 Superb 494 reviews,"Studio with Balcony Entire studio • 1 bathroom • 26 m² 3 beds (2 singles, 1 sofa bed) Breakfast included Free cancellation No prepayment needed – pay at the property Only 7 left at this price on our site"
Candia Hotel,https://www.booking.com/hotel/gr/candia-chania-town1.en-gb.html,€ 52,Scored 9.0 9.0 Superb 502 reviews,Budget Double Room 1 double bed No prepayment needed – pay at the property Only 2 rooms left at this price on our site
Drosia Hotel,https://www.booking.com/hotel/gr/hoteldrosia.en-gb.html,€ 42,Scored 8.4 8.4 Very good 221 reviews,Double or Twin Room Beds: 1 double or 2 singles Only 7 rooms left at this price on our site
Madonna del Mare City,https://www.booking.com/hotel/gr/madonna-del-mare-city.en-gb.html,€ 97,Scored 9.9 9.9 Exceptional 27 reviews,Deluxe Double Room 1 large double bed Free cancellation Only 1 room left at this price on our site
Central City Hotel,https://www.booking.com/hotel/gr/central.en-gb.html,€ 68,Scored 9.2 9.2 Superb 777 reviews,Standard Double or Twin Room 1 large double bed Free cancellation
Agapi Suites,https://www.booking.com/hotel/gr/agapi-boutique-suites.en-gb.html,€ 65,Scored 9.4 9.4 Superb 390 reviews,Junior Suite with Balcony Private suite 1 large double bed Only 1 left at this price on our site
Casa Enetiko,https://www.booking.com/hotel/gr/casa-enetiko.en-gb.html,€ 62,Scored 9.6 9.6 Exceptional 90 reviews,Deluxe Twin Room 2 single beds Only 1 room left at this price on our site
Anastasia Apartments,https://www.booking.com/hotel/gr/anastasia-apartments-chania.en-gb.html,€ 62,Scored 9.3 9.3 Superb 346 reviews,"Apartment - Split Level (2-4 Adults) Entire apartment • 1 bedroom • 1 living room • 1 bathroom • 35 m² 3 beds (2 singles, 1 sofa bed) Free cancellation No prepayment needed – pay at the property Only 1 left at this price on our site"
Eloque Simple living space,https://www.booking.com/hotel/gr/jo-len.en-gb.html,€ 60,Scored 8.9 8.9 Fabulous 239 reviews,Studio with Balcony Entire studio • 1 bathroom • 17 m² Beds: 1 double or 2 singles Free cancellation Only 6 left at this price on our site
Porto Vecchio,https://www.booking.com/hotel/gr/porto-vecchio-rooms.en-gb.html,€ 101,Scored 9.5 9.5 Exceptional 206 reviews,Double Room with Patio 1 large double bed Only 1 room left at this price on our site
My Rooms,https://www.booking.com/hotel/gr/my-rooms.en-gb.html,€ 84,Scored 9.4 9.4 Superb 348 reviews,Standard Queen Room 1 double bed Breakfast included Free cancellation Only 2 rooms left at this price on our site
"D PALM Premium Living - Kalathas, Chania",https://www.booking.com/hotel/gr/d-palm-premium-living.en-gb.html,€ 176,Scored 9.4 9.4 Superb 55 reviews,Dream Tree Suite Entire holiday home • 1 bedroom • 1 living room • 1 bathroom • 20 m² 1 large double bed Free cancellation Only 1 left at this price on our site
Shalom Luxury Rooms Kondilaki,https://www.booking.com/hotel/gr/shalom-luxury-rooms.en-gb.html,€ 70,Scored 9.4 9.4 Superb 279 reviews,Deluxe Double Room 1 large double bed Only 2 rooms left at this price on our site
Anna's House,https://www.booking.com/hotel/gr/anna-s-house.en-gb.html,€ 111,Scored 8.7 8.7 Fabulous 148 reviews,"Superior Room 2 beds (1 double, 1 sofa bed)"
Zeus Village Resort - Adults Only,https://www.booking.com/hotel/gr/zeus-village.en-gb.html,€ 129,Scored 9.2 9.2 Superb 265 reviews,Superior Double Room 1 double bed Breakfast included Only 5 rooms left at this price on our site
Room 25,https://www.booking.com/hotel/gr/room-25.en-gb.html,€ 52,Scored 8.8 8.8 Fabulous 397 reviews,One-Bedroom Apartment Entire apartment • 1 bedroom • 1 bathroom • 25 m² 1 large double bed Free cancellation Only 4 left at this price on our site
Pension Nora,https://www.booking.com/hotel/gr/pension-nora-khania.en-gb.html,€ 88,Scored 8.4 8.4 Very good 12 reviews,Double Room 1 double bed Free cancellation Only 5 rooms left at this price on our site
Madame Hortense Boutique Ηotel,https://www.booking.com/hotel/gr/madame-hortense.en-gb.html,€ 94,Scored 9.7 9.7 Exceptional 78 reviews,Deluxe Double Room 1 double bed Free cancellation Only 3 rooms left at this price on our site
Michael Apartments,https://www.booking.com/hotel/gr/michael-apartments-agia-marina.en-gb.html,€ 43,Scored 9.8 9.8 Exceptional 45 reviews,"Apartment with Sea View Entire apartment • 1 bedroom • 1 living room • 1 bathroom • 1 kitchen • 50 m² 3 beds (2 singles, 1 sofa bed) Only 2 left at this price on our site"
Camping Chania,https://www.booking.com/hotel/gr/camping-chania.en-gb.html,€ 36,Scored 8.4 8.4 Very good 779 reviews,"Bungalow Without W.C. Entire bungalow • 1 bedroom • 1 bathroom • 15 m² 2 beds (1 single, 1 double) Only 6 left at this price on our site"
IFIGENIA ROOMS BY MARIOS,https://www.booking.com/hotel/gr/ifigenia-rooms-by-marios.en-gb.html,€ 66,Scored 8.3 8.3 Very good 150 reviews,Economy Double Room 1 double bed Breakfast included Only 3 rooms left at this price on our site
Kumba,https://www.booking.com/hotel/gr/kumba-hostel.en-gb.html,€ 56,"Scored 8.6 8.6 Fabulous 1,559 reviews",Double Room with Private Bathroom 1 double bed Only 5 rooms left at this price on our site
Nostos Hotel,https://www.booking.com/hotel/gr/nostos-chania-crete.en-gb.html,€ 72,Scored 8.7 8.7 Fabulous 463 reviews,Single Room Entire apartment • 1 bedroom • 1 bathroom • 16 m² 1 single bed Only 1 left at this price on our site
Creta Palm Resort Hotel & Apartments,https://www.booking.com/hotel/gr/creta-palm.en-gb.html,€ 104,Scored 8.2 8.2 Very good 352 reviews,Studio Entire studio • 1 bathroom • 1 kitchen • 26 m² Beds: 1 double or 2 singles Breakfast included Free cancellation
Bouquet Luxury Rooms,https://www.booking.com/hotel/gr/bouquet-luxury-rooms.en-gb.html,€ 114,Scored 9.2 9.2 Superb 58 reviews,Deluxe King Room 1 large double bed Only 4 rooms left at this price on our site
Elia Portou Rooms,https://www.booking.com/hotel/gr/elia-portou-rooms.en-gb.html,€ 74,Scored 8.8 8.8 Fabulous 40 reviews,Standard Room 1 extra-large double bed Only 1 room left at this price on our site
Artemida Pansion Georgioupolis,https://www.booking.com/hotel/gr/myses.en-gb.html,€ 114,Scored 8.7 8.7 Fabulous 198 reviews,Double or Twin Room with Mountain View Multiple bed types Only 1 room left at this price on our site
Linear Flat - City Center - Private Parking,https://www.booking.com/hotel/gr/linear-flat.en-gb.html,€ 221,Scored 9.3 9.3 Superb 54 reviews,"Two-Bedroom Apartment Entire apartment • 2 bedrooms • 1 living room • 2 bathrooms • 1 kitchen • 120 m² 3 beds (1 sofa bed, 2 large doubles)"
AZOGIRE Resort,https://www.booking.com/hotel/gr/azogire-traditional-houses-and-restaurant-mihalis.en-gb.html,€ 93,Scored 8.6 8.6 Fabulous 53 reviews,"Double Room - Disability Access 3 beds (2 sofa beds, 1 large double) Only 1 room left at this price on our site"
Villa dimitris,https://www.booking.com/hotel/gr/villa-dimitris-kounoupitsa.en-gb.html,€ 145,Scored 9.6 9.6 Exceptional 9 reviews,Three-Bedroom Villa Entire villa • 3 bedrooms • 1 living room • 1 bathroom • 1 kitchen • 176 m² 3 large double beds
Paralia guest house,https://www.booking.com/hotel/gr/paralia.en-gb.html,€ 47,Scored 9.3 9.3 Superb 292 reviews,Double or Twin Room Multiple bed types Only 4 rooms left at this price on our site
Proimos Maisonnettes,https://www.booking.com/hotel/gr/proimos-maisonnettes.en-gb.html,€ 87,,"Apartment with Garden View Entire apartment • 1 bedroom • 1 living room • 1 bathroom • 26 m² 2 beds (1 sofa bed, 1 large double) Only 2 left at this price on our site"
Epavli Grace Hotel,https://www.booking.com/hotel/gr/epavli-grace.en-gb.html,€ 93,Scored 9.4 9.4 Superb 608 reviews,Standard Double or Twin Room 1 large double bed Breakfast included Only 1 room left at this price on our site
Hotel Filoxenia,https://www.booking.com/hotel/gr/filoxenia-chania.en-gb.html,€ 69,Scored 8.9 8.9 Fabulous 307 reviews,Twin Room 2 single beds Free cancellation
Nonnalena Boutique Hotel,https://www.booking.com/hotel/gr/nonnalena-boutique.en-gb.html,€ 74,Scored 8.8 8.8 Fabulous 266 reviews,Superior Double or Twin Room 2 single beds Only 1 room left at this price on our site
11City Rooms,https://www.booking.com/hotel/gr/11city.en-gb.html,€ 69,Scored 9.2 9.2 Superb 338 reviews,Single Room with Balcony 1 double bed Only 1 room left at this price on our site
Tarra,https://www.booking.com/hotel/gr/tarra.en-gb.html,€ 47,Scored 8.8 8.8 Fabulous 208 reviews,Twin Room with Mountain View 2 single beds Free cancellation No prepayment needed – pay at the property Only 2 rooms left at this price on our site
Bozzali Deluxe Hotel,https://www.booking.com/hotel/gr/bozzali.en-gb.html,€ 73,Scored 8.7 8.7 Fabulous 409 reviews,Double Room 1 double bed Free cancellation Only 3 rooms left at this price on our site
JW Marriott Crete Resort & Spa,https://www.booking.com/hotel/gr/jw-marriott-crete-resort-spa.en-gb.html,€ 285,Scored 9.6 9.6 Exceptional 33 reviews,"Deluxe Guest room, 1 King, Sea view, Balcony 1 extra-large double bed Breakfast included Only 5 rooms left at this price on our site"
Eleonora,https://www.booking.com/hotel/gr/eleonora.en-gb.html,€ 65,Scored 8.6 8.6 Fabulous 575 reviews,"Studio with Balcony (3 Adults) Entire studio • 1 bathroom • 35 m² 2 beds (1 single, 1 large double) Free cancellation No prepayment needed – pay at the property Only 1 left at this price on our site"
Kumba At Koum Kapi,https://www.booking.com/hotel/gr/argo-beach.en-gb.html,€ 69,"Scored 8.2 8.2 Very good 1,453 reviews",Budget Double Room 1 double bed Only 1 room left at this price on our site
Dream Art Studios,https://www.booking.com/hotel/gr/dream-art-studios.en-gb.html,€ 87,Scored 9.0 9.0 Superb 255 reviews,Standard Studio A1 Entire studio • 1 bathroom • 25 m² 1 large double bed Free cancellation Only 1 left at this price on our site
Ifigenia Traditional Rooms & Maisonettes,https://www.booking.com/hotel/gr/ifigenia-studio.en-gb.html,€ 72,Scored 8.8 8.8 Fabulous 353 reviews,Double Room 1 double bed Breakfast included Only 2 rooms left at this price on our site
Konstantina's studio near the beach,https://www.booking.com/hotel/gr/konstantina-s-studio-near-the-beach.en-gb.html,€ 58,Scored 9.3 9.3 Superb 101 reviews,Studio with Garden View Entire studio • 1 bathroom • 1 kitchen • 22 m² 1 double bed Free cancellation
Metropolitan Pearl Boutique Hotel,https://www.booking.com/hotel/gr/metropolitan-pearl-boutique.en-gb.html,€ 78,Scored 8.8 8.8 Fabulous 249 reviews,Deluxe Double - City View 1 large double bed
Hotel Stavris,https://www.booking.com/hotel/gr/stavris.en-gb.html,€ 45,Scored 7.7 7.7 Good 724 reviews,Double or Twin Room with City View Beds: 1 double or 2 singles Free cancellation Only 4 left at this price on our site
Fay's house,https://www.booking.com/hotel/gr/fays-house-dramia.en-gb.html,€ 96,Scored 9.3 9.3 Superb 26 reviews,"One-Bedroom Apartment Entire apartment • 1 bedroom • 1 living room • 1 bathroom • 1 kitchen • 70 m² 2 beds (1 double, 1 sofa bed) Only 1 left at this price on our site"
Aris Apartments,https://www.booking.com/hotel/gr/villa-arhontariki-1-2-apartments-aris.en-gb.html,€ 47,Scored 8.8 8.8 Fabulous 137 reviews,Twin Room 2 single beds Free cancellation No prepayment needed – pay at the property Only 2 rooms left at this price on our site
IFIGENIA TRAD.ROOMS IN OLDTOWN BY.MARIOS,https://www.booking.com/hotel/gr/ifigenia-trad-rooms-in-oldtown-by-marios.en-gb.html,€ 80,Scored 8.7 8.7 Fabulous 172 reviews,Double Room with Spa Bath 1 large double bed Breakfast included Only 1 room left at this price on our site
Stefanos Garden2,https://www.booking.com/hotel/gr/stefanos-garden-armenoi.en-gb.html,€ 38,Scored 8.8 8.8 Fabulous 15 reviews,Single Bed in Dormitory Room Bed in dormitory 1 double bed Only 2 beds left at this price on our site
Kleio Studios,https://www.booking.com/hotel/gr/kleio-studios.en-gb.html,€ 47,Scored 8.7 8.7 Fabulous 146 reviews,"Apartment Entire apartment • 1 bedroom • 1 living room • 1 bathroom • 1 kitchen • 40 m² 2 beds (1 sofa bed, 1 large double) Free cancellation Only 4 left at this price on our site"
Mare Civitas Apartments,https://www.booking.com/hotel/gr/mare-civitas-apartments-chania-town.en-gb.html,€ 70,Scored 9.0 9.0 Superb 185 reviews,Penthouse Apartment Entire apartment • 1 bedroom • 1 bathroom • 1 kitchen • 40 m² 2 single beds Free cancellation Only 1 left at this price on our site
Babis & Popi Rooms and Studios,https://www.booking.com/hotel/gr/babis-amp-popi-rooms-and-studios.en-gb.html,€ 37,Scored 9.3 9.3 Superb 267 reviews,Single Room with Balcony 1 single bed Free cancellation No prepayment needed – pay at the property Only 1 room left at this price on our site
Oscar Suites & Village,https://www.booking.com/hotel/gr/oscar-suites.en-gb.html,€ 80,Scored 8.6 8.6 Fabulous 120 reviews,"Superior Studio Entire studio • 1 bathroom • 28 m² 3 beds (2 singles, 1 sofa bed) Breakfast included Only 2 left at this price on our site"
Malaxiana Houses,https://www.booking.com/hotel/gr/malaxiana-houses.en-gb.html,€ 112,Scored 8.7 8.7 Fabulous 75 reviews,"Two-Bedroom House - Split Level Entire holiday home • 2 bedrooms • 1 bathroom • 50 m² 3 beds (2 singles, 1 double) Free cancellation Only 1 left at this price on our site"
Giannoulis – Cavo Spada Luxury Sports & Leisure Resort & Spa,https://www.booking.com/hotel/gr/cavo-spada-luxury-resort-spa.en-gb.html,€ 157,Scored 8.7 8.7 Fabulous 137 reviews,"Deluxe Double Room with Garden View 3 beds (2 singles, 1 sofa bed) Breakfast included Only 4 rooms left at this price on our site"
Deluxe City Hotel,https://www.booking.com/hotel/gr/deluxe-city.en-gb.html,€ 68,Scored 8.5 8.5 Very good 555 reviews,Single Room with Balcony 1 double bed Free cancellation Only 4 rooms left at this price on our site
Deluxe Hotel,https://www.booking.com/hotel/gr/deluxe.en-gb.html,€ 74,Scored 8.9 8.9 Fabulous 252 reviews,Economy Double Room-Ground Floor 1 double bed Free cancellation Only 3 rooms left at this price on our site
Belmondo Hotel,https://www.booking.com/hotel/gr/belmondo.en-gb.html,€ 133,Scored 9.4 9.4 Superb 434 reviews,"Classic Room 3 beds (2 singles, 1 sofa bed) Breakfast included Free cancellation No prepayment needed – pay at the property Only 2 rooms left at this price on our site"
Elia Portou Due,https://www.booking.com/hotel/gr/elia-portou-residence-chania-town7.en-gb.html,€ 74,Scored 8.6 8.6 Fabulous 177 reviews,Standard Room Beds: 1 double or 2 singles Only 2 rooms left at this price on our site
Elia Dorotheou,https://www.booking.com/hotel/gr/elia-dorotheou-episkopou.en-gb.html,€ 78,Scored 8.1 8.1 Very good 126 reviews,Standard Room Beds: 1 double or 2 singles Only 4 rooms left at this price on our site
Kabanas suite 1,https://www.booking.com/hotel/gr/kabanas-suites.en-gb.html,€ 121,Scored 9.0 9.0 Superb 16 reviews,One-Bedroom Apartment Entire apartment • 1 bedroom • 1 bathroom • 1 kitchen • 65 m² 1 large double bed
Deluxe Center Suites,https://www.booking.com/hotel/gr/deluxe-center-suites.en-gb.html,€ 80,,Small Double Room 1 double bed Free cancellation Only 2 rooms left at this price on our site
Hamam Suites Portou,https://www.booking.com/hotel/gr/hamam-suites-ii.en-gb.html,€ 66,Scored 8.7 8.7 Fabulous 334 reviews,Superior Double Room 1 large double bed Free cancellation Only 1 room left at this price on our site
"Malmáki, a street view apartment",https://www.booking.com/hotel/gr/malmaki-a-street-view-apartment.en-gb.html,€ 113,Scored 9.2 9.2 Superb 48 reviews,"One-Bedroom Apartment Entire apartment • 1 bedroom • 1 living room • 1 bathroom • 35 m² 2 beds (1 double, 1 sofa bed) Breakfast included Free cancellation"
River Side,https://www.booking.com/hotel/gr/river-side-villa.en-gb.html,€ 57,Scored 8.5 8.5 Very good 515 reviews,"One-Bedroom Apartment Entire apartment • 1 bedroom • 1 bathroom • 40 m² 2 beds (1 double, 1 bunk bed) Breakfast included Only 4 left at this price on our site"
Luxury apartment Reverie,https://www.booking.com/hotel/gr/villa-reverie.en-gb.html,€ 109,Scored 9.8 9.8 Exceptional 12 reviews,"Villa Entire villa • 2 bedrooms • 1 living room • 2 bathrooms • 1 kitchen • 78 m² 4 beds (2 singles, 1 extra-large double, 1 sofa bed)"
Hotel Lefka Ori - City Rooms,https://www.booking.com/hotel/gr/lefka-ori.en-gb.html,€ 77,Scored 8.4 8.4 Very good 359 reviews,Double or Twin Room Beds: 1 double or 2 singles Free cancellation
Eleana Nature & Art,https://www.booking.com/hotel/gr/eleana-apartments-hora-sfakion.en-gb.html,€ 74,Scored 9.5 9.5 Exceptional 647 reviews,Deluxe Double Room with Side Sea View 1 large double bed Free cancellation Only 1 room left at this price on our site
Fougaro Apartments,https://www.booking.com/hotel/gr/fougaro-apartments.en-gb.html,€ 65,Scored 8.8 8.8 Fabulous 142 reviews,"Studio with Sea View Entire studio • 1 bathroom • 1 kitchen • 33 m² 2 beds (1 sofa bed, 1 large double) Free cancellation Only 2 left at this price on our site"
Elia Palazzo Hotel,https://www.booking.com/hotel/gr/palazzo-old-town-chania.en-gb.html,€ 101,Scored 9.0 9.0 Superb 303 reviews,Standard Double or Twin Room Multiple bed types Breakfast included Only 1 room left at this price on our site
Pinelopi Beach Suites,https://www.booking.com/hotel/gr/pinelopi-beach-suites.en-gb.html,€ 71,Scored 9.1 9.1 Superb 294 reviews,"Junior Suite - Ground Level 2 beds (1 double, 1 sofa bed) Only 1 room left at this price on our site"
Ilona Apartments Chania,https://www.booking.com/hotel/gr/ilona-apartments.en-gb.html,€ 54,Scored 8.5 8.5 Very good 183 reviews,Economy Studio - Ground Floor (2 Adults) Entire studio • 1 bathroom • 18 m² Beds: 1 double or 2 singles Only 1 left at this price on our site
The Prickly Pear Apartment,https://www.booking.com/hotel/gr/the-prickly-pear-apartment.en-gb.html,€ 138,Scored 9.6 9.6 Exceptional 39 reviews,"One-Bedroom Apartment Entire apartment • 1 bedroom • 1 living room • 1 bathroom • 1 kitchen • 50 m² 2 beds (1 sofa bed, 1 large double) Free cancellation"
Blue Sky,https://www.booking.com/hotel/gr/blue-sky-frangokastello.en-gb.html,€ 76,Scored 8.7 8.7 Fabulous 130 reviews,"Double Room with Terrace 2 beds (1 extra-large double, 1 sofa bed) Only 2 rooms left at this price on our site"
Sunlight Beach Hotel,https://www.booking.com/hotel/gr/sun-light.en-gb.html,€ 57,Scored 8.7 8.7 Fabulous 344 reviews,"Comfort Quadruple Room 3 beds (2 singles, 1 sofa bed) Free cancellation Only 2 rooms left at this price on our site"
Villas Michalis,https://www.booking.com/hotel/gr/villas-michalis.en-gb.html,€ 102,Scored 9.3 9.3 Superb 329 reviews,"Two-Bedroom Apartment Entire apartment • 2 bedrooms • 1 living room • 1 bathroom • 1 kitchen • 55 m² 4 beds (2 singles, 1 extra-large double, 1 sofa bed) Only 3 left at this price on our site"
Parthenon Hotel,https://www.booking.com/hotel/gr/parthenon-souda-chania.en-gb.html,€ 55,Scored 8.2 8.2 Very good 507 reviews,Twin Room Beds: 1 double or 2 singles Free cancellation Only 1 room left at this price on our site
Hello Village Chania,https://www.booking.com/hotel/gr/hello-village-chania.en-gb.html,€ 92,Scored 10 10 Exceptional 79 reviews,"One-Bedroom Apartment Entire apartment • 1 bedroom • 1 living room • 1 bathroom • 1 kitchen • 50 m² 2 beds (1 double, 1 sofa bed) Only 2 left at this price on our site"
Petres old village house,https://www.booking.com/hotel/gr/petres-agios-ioannes-sphakia.en-gb.html,€ 60,Scored 8.3 8.3 Very good 44 reviews,Double Room with Private Bathroom 1 large double bed Only 1 room left at this price on our site
Danaos Hotel,https://www.booking.com/hotel/gr/danaos.en-gb.html,€ 70,Scored 8.8 8.8 Fabulous 793 reviews,Twin Room with City View 2 single beds
Selected Suites,https://www.booking.com/hotel/gr/selected-suites.en-gb.html,€ 72,Scored 9.8 9.8 Exceptional 207 reviews,Ground Floor Suite with Private Steam Room and Private Yard Private suite 1 large double bed
Castell Hotel,https://www.booking.com/hotel/gr/castell-hotel.en-gb.html,€ 57,Scored 9.6 9.6 Exceptional 493 reviews,Standard Double Room 2 single beds Free cancellation No prepayment needed – pay at the property Only 1 room left at this price on our site
Odyssey Studios,https://www.booking.com/hotel/gr/odyssey-studios.en-gb.html,€ 99,Scored 9.4 9.4 Superb 262 reviews,Apartment with Terrace and Balcony Entire apartment • 1 bedroom • 1 living room • 1 bathroom • 1 kitchen • 20 m² 2 single beds Free cancellation Only 1 left at this price on our site
Minoos Hotel,https://www.booking.com/hotel/gr/chania-luxury-rooms.en-gb.html,€ 102,Scored 8.8 8.8 Fabulous 186 reviews,Economy Double Room without Window 1 large double bed Only 1 room left at this price on our site
Nyx Chic Manor,https://www.booking.com/hotel/gr/aisha.en-gb.html,€ 101,Scored 9.1 9.1 Superb 137 reviews,Deluxe Double Room 1 extra-large double bed Only 1 room left at this price on our site
Mythos -Old Town-Old harbour Chania,https://www.booking.com/hotel/gr/mythos-old-town-old-harbour-chania.en-gb.html,€ 77,Scored 9.5 9.5 Exceptional 18 reviews,"One-Bedroom Apartment Entire apartment • 1 bedroom • 1 living room • 1 bathroom • 1 kitchen • 40 m² 2 beds (1 sofa bed, 1 large double)"
Agarathos Tradiitonal Apartments & Rooms with Pool Kaliviani -On the road to Balos,https://www.booking.com/hotel/gr/agarathos.en-gb.html,€ 42,Scored 9.1 9.1 Superb 516 reviews,Double Room 1 large double bed Only 2 rooms left at this price on our site
Traditional Tower,https://www.booking.com/hotel/gr/traditional-tower.en-gb.html,€ 615,,"Villa Entire villa • 8 bedrooms • 2 living rooms • 5 bathrooms • 500 m² 12 beds (2 singles, 4 doubles, 2 extra-large doubles, 1 bunk bed, 3 sofa beds)"
Shalom Luxury Rooms Daliani,https://www.booking.com/hotel/gr/shalom-luxury-rooms-daliani.en-gb.html,€ 70,Scored 9.4 9.4 Superb 89 reviews,Superior Double Room 1 large double bed Only 1 room left at this price on our site
il Campanile Luxury Living,https://www.booking.com/hotel/gr/il-campanile-luxury-living.en-gb.html,€ 227,Scored 9.7 9.7 Exceptional 242 reviews,"Two-Bedroom House Entire holiday home • 2 bedrooms • 1 bathroom • 1 kitchen • 72 m² 2 beds (1 extra-large double, 1 large double) Free cancellation Only 1 left at this price on our site"
Adriana Apartment,https://www.booking.com/hotel/gr/adriana-apartment.en-gb.html,€ 96,Scored 9.0 9.0 Superb 23 reviews,"One-Bedroom Apartment Entire apartment • 1 bedroom • 1 living room • 1 bathroom • 1 kitchen • 40 m² 2 beds (1 sofa bed, 1 large double) Free cancellation"
VILLA APHRODITE SOUGIA apt1,https://www.booking.com/hotel/gr/villa-aphrodite-sougia-apt1.en-gb.html,€ 83,Scored 7.0 7.0 Good 5 reviews,"Two-Bedroom Apartment Entire apartment • 2 bedrooms • 1 living room • 2 bathrooms • 1 kitchen • 90 m² 3 beds (2 doubles, 1 sofa bed)"
Villa Pyramus,https://www.booking.com/hotel/gr/villa-pyramus.en-gb.html,€ 272,Scored 8.0 8.0 Very good 2 reviews,"Holiday Home Entire holiday home • 3 bedrooms • 1 living room • 3 bathrooms • 1 kitchen • 130 m² 5 beds (2 singles, 1 sofa bed, 2 large doubles)"
Atreas’ Art Studio,https://www.booking.com/hotel/gr/atreas-art-studio-khania.en-gb.html,€ 180,Scored 9.9 9.9 Exceptional 26 reviews,"One-Bedroom Apartment Entire apartment • 1 bedroom • 1 living room • 1 bathroom • 1 kitchen • 63 m² 3 beds (2 sofa beds, 1 large double)"
Four Seasons,https://www.booking.com/hotel/gr/four-seasons-khania.en-gb.html,€ 88,Scored 9.0 9.0 Superb 112 reviews,One-Bedroom Apartment Entire apartment • 1 bedroom • 1 bathroom • 35 m² 1 double bed Free cancellation
Koumos,https://www.booking.com/hotel/gr/koumos-khania.en-gb.html,€ 48,Scored 8.2 8.2 Very good 7 reviews,Double Room with Balcony 1 double bed Only 1 room left at this price on our site
Ros Solis Luxure House,https://www.booking.com/hotel/gr/ros-solis-luxure-house.en-gb.html,€ 233,Scored 9.8 9.8 Exceptional 36 reviews,"Three-Bedroom House Entire holiday home • 3 bedrooms • 1 living room • 2 bathrooms • 1 kitchen • 108 m² 5 beds (2 singles, 1 double, 1 sofa bed, 1 large double) Free cancellation"
MARIHELEN APARTEMENTS,https://www.booking.com/hotel/gr/marihelen-apartements.en-gb.html,€ 83,Scored 9.3 9.3 Superb 31 reviews,"Two-Bedroom Apartment Entire apartment • 2 bedrooms • 1 bathroom 2 beds (1 extra-large double, 1 sofa bed)"
Eftichia Apartment Nea Chora,https://www.booking.com/hotel/gr/eftichia-house.en-gb.html,€ 149,Scored 8.7 8.7 Fabulous 47 reviews,"Three-Bedroom Premium Apartment with Balcony Entire apartment • 3 bedrooms • 1 bathroom • 1 kitchen • 100 m² 4 beds (2 singles, 2 doubles)"
The Garden of Zephyrus - Halepa,https://www.booking.com/hotel/gr/the-garden-of-zephyrus-halepa.en-gb.html,€ 122,Scored 9.0 9.0 Superb 8 reviews,"Deluxe Double Studio Entire studio • 1 bathroom • 1 kitchen • 38 m² 2 beds (1 single, 1 large double) Only 1 left at this price on our site"
Anna's Apartment,https://www.booking.com/hotel/gr/annas-apartment-khania.en-gb.html,€ 128,Scored 9.3 9.3 Superb 34 reviews,"One-Bedroom Apartment Entire apartment • 1 bedroom • 1 living room • 1 bathroom • 1 kitchen • 65 m² 2 beds (1 double, 1 sofa bed)"
Apartment Arancione,https://www.booking.com/hotel/gr/appartment-aranchione.en-gb.html,€ 103,Scored 9.4 9.4 Superb 64 reviews,"One-Bedroom Apartment Entire apartment • 1 bedroom • 1 living room • 1 bathroom • 1 kitchen • 65 m² 2 beds (1 double, 1 sofa bed) Free cancellation"
Mossa City Apartments - 2 km from Old Town - Private parking,https://www.booking.com/hotel/gr/mossa-cozy-apartments.en-gb.html,€ 92,Scored 9.8 9.8 Exceptional 44 reviews,"One-Bedroom Apartment Entire apartment • 1 bedroom • 1 living room • 1 bathroom • 1 kitchen • 48 m² 2 beds (1 double, 1 sofa bed) Only 4 left at this price on our site"
"Cozy rooms at the old Venetian Harbor, Chania Town",https://www.booking.com/hotel/gr/cozy-rooms-at-the-old-venetian-harbor-chania-town.en-gb.html,€ 74,Scored 8.7 8.7 Fabulous 9 reviews,"One-Bedroom Apartment Entire apartment • 1 bedroom • 1 living room • 1 bathroom • 50 m² 3 beds (2 singles, 1 sofa bed)"
Samonas - 5 maisonettes with breathtaking views,https://www.booking.com/hotel/gr/samonas-5-maisonettes-with-breathtaking-views.en-gb.html,€ 803,,"Five-Bedroom House Entire holiday home • 5 bedrooms • 5 living rooms • 5 bathrooms • 1 kitchen • 420 m² 15 beds (10 sofa beds, 5 large doubles) Free cancellation No prepayment needed – pay at the property Only 1 left at this price on our site"
Amare suite,https://www.booking.com/hotel/gr/amare-suite.en-gb.html,€ 128,Scored 9.7 9.7 Exceptional 70 reviews,"One-Bedroom House Entire holiday home • 1 bedroom • 1 living room • 1 bathroom • 1 kitchen • 60 m² 2 beds (1 extra-large double, 1 sofa bed)"
Kisamos Nice Apartment 3,https://www.booking.com/hotel/gr/kisamos-nice-apartement-3.en-gb.html,€ 84,Scored 9.8 9.8 Exceptional 19 reviews,"Three-Bedroom Apartment Entire apartment • 3 bedrooms • 1 living room • 2 bathrooms • 1 kitchen • 110 m² 4 beds (1 single, 1 double, 1 sofa bed, 1 large double) Free cancellation"
Villa Pavlos,https://www.booking.com/hotel/gr/villa-pavlos-khania.en-gb.html,€ 92,Scored 7.8 7.8 Good 6 reviews,"Two-Bedroom House Entire holiday home • 2 bedrooms • 1 living room • 1 bathroom • 1 kitchen • 90 m² 3 beds (2 doubles, 1 sofa bed)"
Villa Fortuna with Private Pool,https://www.booking.com/hotel/gr/villa-fortuna.en-gb.html,€ 290,Scored 9.7 9.7 Exceptional 12 reviews,"Three-Bedroom Villa Entire villa • 3 bedrooms • 1 living room • 2 bathrooms • 1 kitchen • 106 m² 4 beds (1 bunk bed, 1 sofa bed, 2 large doubles) Free cancellation"
Orama Luxury Apartments,https://www.booking.com/hotel/gr/orama-luxury-apartments.en-gb.html,€ 125,Scored 9.8 9.8 Exceptional 48 reviews,Two-Bedroom Apartment Entire apartment • 2 bedrooms • 1 bathroom • 1 kitchen • 58 m² 2 double beds Only 2 left at this price on our site
Odyseia Apts I at the center of the City & Old Town,https://www.booking.com/hotel/gr/odyseia-apts-i-at-the-center-of-city-amp-old-town.en-gb.html,€ 78,Scored 7.9 7.9 Good 142 reviews,"One-Bedroom Apartment Entire apartment • 1 bedroom • 1 living room • 1 bathroom • 1 kitchen • 67 m² 3 beds (1 double, 2 sofa beds)"
Vasiliki house,https://www.booking.com/hotel/gr/dream-vacation-in-beautifully-hania.en-gb.html,€ 170,,"Two-Bedroom House Entire holiday home • 2 bedrooms • 1 living room • 1 bathroom • 1 kitchen • 90 m² 3 beds (1 double, 1 sofa bed, 1 large double)"
Chania Luxury Apartments,https://www.booking.com/hotel/gr/chania-luxury-apartment-khania.en-gb.html,€ 58,Scored 7.9 7.9 Good 65 reviews,"Two-Bedroom Apartment Entire apartment • 2 bedrooms • 1 living room • 1 bathroom • 1 kitchen • 90 m² 5 beds (2 singles, 1 double, 2 sofa beds) Only 2 left at this price on our site"
Ruby Luxury Suites,https://www.booking.com/hotel/gr/ruby-luxury-suites.en-gb.html,€ 93,Scored 9.7 9.7 Exceptional 656 reviews,"Deluxe Suite Private suite • 1 bedroom • 1 living room • 1 bathroom • 55 m² 2 beds (1 sofa bed, 1 large double) Only 1 left at this price on our site"
Salavantes House,https://www.booking.com/hotel/gr/salavantes-house.en-gb.html,€ 68,Scored 9.2 9.2 Superb 25 reviews,"One-Bedroom Apartment Entire apartment • 1 bedroom • 1 bathroom • 1 kitchen • 45 m² 2 beds (1 double, 1 sofa bed) Free cancellation"
Salavantinas House,https://www.booking.com/hotel/gr/salavantinas-house.en-gb.html,€ 68,Scored 8.2 8.2 Very good 9 reviews,"One-Bedroom Apartment Entire apartment • 1 bedroom • 1 bathroom • 1 kitchen • 39 m² 2 beds (1 double, 1 sofa bed) Free cancellation"
Odyseia Apts ΙI at the Center of the City & Old Town,https://www.booking.com/hotel/gr/odyseia-apts-ii-at-the-center-of-the-city-amp-old-city.en-gb.html,€ 79,Scored 8.2 8.2 Very good 142 reviews,"Two-Bedroom Apartment Entire apartment • 2 bedrooms • 1 living room • 1 bathroom • 1 kitchen • 67 m² 4 beds (1 single, 1 sofa bed, 2 large doubles)"
"Avra & Ostria Villa, Pirgos-Villas,Heated pool , amazing sea view",https://www.booking.com/hotel/gr/pirgos-villas-avra-amp-ostria-villa-heated-pool-amazing-sea-view.en-gb.html,€ 765,,"Deluxe Villa Entire villa • 4 bedrooms • 5 bathrooms • 1 kitchen • 250 m² 6 beds (4 singles, 1 double, 1 large double) Only 1 left at this price on our site"
Corissia Beach hotel,https://www.booking.com/hotel/gr/corissia-beach-khania1.en-gb.html,€ 119,Scored 8.6 8.6 Fabulous 24 reviews,Standard Double Room 1 large double bed Breakfast included Only 5 rooms left at this price on our site
Riviera Suites,https://www.booking.com/hotel/gr/riviera-suites.en-gb.html,€ 165,Scored 9.5 9.5 Exceptional 232 reviews,"Junior Suite with Sea View Private suite • 1 bedroom • 1 living room • 1 bathroom • 30 m² 2 beds (1 sofa bed, 1 large double) Only 1 left at this price on our site"
Palazzo di Irene,https://www.booking.com/hotel/gr/palazzo-di-irene-chania.en-gb.html,€ 113,Scored 9.5 9.5 Exceptional 548 reviews,Junior Suite with Sauna Private suite 1 large double bed Free cancellation Only 1 left at this price on our site
Oniros Residenza Vecchia,https://www.booking.com/hotel/gr/oniros-residenza-vecchia-chania.en-gb.html,€ 218,Scored 9.6 9.6 Exceptional 31 reviews,"Junior Suite Private suite • 1 bedroom • 1 living room • 1 bathroom • 50 m² 2 beds (1 sofa bed, 1 large double) Only 1 left at this price on our site"
Elia Erato,https://www.booking.com/hotel/gr/elia-erato.en-gb.html,€ 115,Scored 8.4 8.4 Very good 160 reviews,"Maisonette Entire apartment • 1 bedroom • 1 living room • 2 bathrooms • 29 m² 2 beds (1 sofa bed, 1 large double) Only 1 left at this price on our site"
Souda Plaza Collection,https://www.booking.com/hotel/gr/souda-plaza-collection.en-gb.html,€ 92,Scored 9.2 9.2 Superb 74 reviews,Deluxe Double Room with Side Sea View 2 single beds Free cancellation Only 1 room left at this price on our site
Pink House,https://www.booking.com/hotel/gr/pink-house-palaiokhora-khania.en-gb.html,€ 58,Scored 9.0 9.0 Superb 19 reviews,One-Bedroom Apartment Entire apartment • 1 bedroom • 1 bathroom • 40 m² 1 large double bed
Perla Coco Jacuzzi Suites,https://www.booking.com/hotel/gr/perla-collection.en-gb.html,€ 126,Scored 9.5 9.5 Exceptional 123 reviews,Junior Suite Private suite 1 large double bed Free cancellation Only 1 left at this price on our site
West Crete House,https://www.booking.com/hotel/gr/west-crete-house.en-gb.html,€ 108,Scored 8.4 8.4 Very good 21 reviews,"One-Bedroom House Entire holiday home • 1 bedroom • 1 living room • 1 bathroom • 1 kitchen • 46 m² 2 beds (1 double, 1 sofa bed) Only 1 left at this price on our site"
Annassa Experience Villa 2' walk from Almyrida beach,https://www.booking.com/hotel/gr/villa-annassa-almyrida.en-gb.html,€ 607,Scored 9.6 9.6 Exceptional 8 reviews,"Villa Entire villa • 6 bedrooms • 6 bathrooms • 1 kitchen • 200 m² 7 beds (2 singles, 5 large doubles) Free cancellation"
El Platanias,https://www.booking.com/hotel/gr/el-platanias.en-gb.html,€ 173,Scored 9.1 9.1 Superb 29 reviews,One-Bedroom Villa Entire villa • 1 bedroom • 1 bathroom • 1 kitchen • 80 m² 1 double bed Only 1 left at this price on our site
"Villa Harriet Maria with pool and ocean view Kolimbari, Chania",https://www.booking.com/hotel/gr/villa-with-pool-and-ocean-wiews-kolimbari-chania.en-gb.html,€ 439,Scored 9.6 9.6 Exceptional 6 reviews,"Three-Bedroom Villa Entire villa • 3 bedrooms • 1 bathroom • 1 kitchen • 105 m² 3 beds (2 extra-large doubles, 1 large double)"
"The Chania Hotel Crete, Vignette Collection",https://www.booking.com/hotel/gr/vignette-collection-the-chania-hotel-crete.en-gb.html,€ 162,"Scored 9.3 9.3 Superb 1,000 reviews",Cosy Queen Room 1 large double bed Only 7 rooms left at this price on our site
VILLA BLUE VEDERE,https://www.booking.com/hotel/gr/villa-blue-vedere.en-gb.html,€ 240,Scored 9.7 9.7 Exceptional 31 reviews,"Two-Bedroom Villa Entire villa • 2 bedrooms • 1 living room • 1 bathroom • 1 kitchen • 90 m² 5 beds (2 singles, 1 double, 2 sofa beds)"
Dominic Chania 3 Room Apartment,https://www.booking.com/hotel/gr/dominic-apartment.en-gb.html,€ 65,Scored 7.4 7.4 Good 41 reviews,One-Bedroom Apartment Entire apartment • 1 bedroom • 1 bathroom • 1 kitchen • 48 m² 1 double bed
Samonas - Red villa Fliskouni,https://www.booking.com/hotel/gr/samonas-red-villa-fliskouni.en-gb.html,€ 174,Scored 9.8 9.8 Exceptional 5 reviews,"One-Bedroom House Entire holiday home • 1 bedroom • 1 living room • 1 bathroom • 1 kitchen • 95 m² 2 beds (1 double, 1 sofa bed)"
Hippie City Hostel,https://www.booking.com/hotel/gr/hppie-cyti-hostel.en-gb.html,€ 15,Scored 8.3 8.3 Very good 816 reviews,Bed in 12-Bed Mixed Dormitory Room Bed in dormitory 1 single bed
Summer mood,https://www.booking.com/hotel/gr/omorphos-khoros-me-aule-khania.en-gb.html,€ 68,Scored 9.6 9.6 Exceptional 24 reviews,"One-Bedroom Apartment Entire apartment • 1 bedroom • 1 living room • 1 bathroom • 1 kitchen • 35 m² 2 beds (1 double, 1 sofa bed)"
Samonas - Green villa Faskomilia,https://www.booking.com/hotel/gr/samonas-green-villa-faskomilia.en-gb.html,€ 188,Scored 9.8 9.8 Exceptional 6 reviews,"One-Bedroom House Entire holiday home • 1 bedroom • 1 living room • 1 bathroom • 1 kitchen • 95 m² 2 beds (1 double, 1 sofa bed)"
Samonas - Orange villa Diktamos,https://www.booking.com/hotel/gr/samonas-orange-villa-diktamos.en-gb.html,€ 157,Scored 10 10 Exceptional 1 review,"One-Bedroom House Entire holiday home • 1 bedroom • 1 living room • 1 bathroom • 1 kitchen • 65 m² 3 beds (1 double, 2 sofa beds) No prepayment needed – pay at the property"
Samonas - Blue villa Mantzourana,https://www.booking.com/hotel/gr/samonas-blue-villa-mantzourana.en-gb.html,€ 148,Scored 8.0 8.0 Very good 1 review,"One-Bedroom House Entire holiday home • 1 bedroom • 1 living room • 1 bathroom • 1 kitchen • 55 m² 3 beds (1 double, 2 sofa beds) No prepayment needed – pay at the property"
Beautiful Life Rooms with Sea View - Next to Elafonisi Beach,https://www.booking.com/hotel/gr/apartments-next-to-elafonisi-beach.en-gb.html,€ 88,Scored 8.8 8.8 Fabulous 193 reviews,Apartment with Sea View Entire apartment • 1 bedroom • 1 bathroom • 25 m² 1 double bed Only 1 left at this price on our site
Villa Jokasta & Erato,https://www.booking.com/hotel/gr/villa-jokasti.en-gb.html,€ 288,Scored 8.9 8.9 Fabulous 64 reviews,"Three-Bedroom Villa Entire villa • 3 bedrooms • 1 living room • 3 bathrooms • 1 kitchen • 100 m² 5 beds (4 singles, 1 double) Only 2 left at this price on our site"
Emeli Suites,https://www.booking.com/hotel/gr/emeli-suites.en-gb.html,€ 109,Scored 9.8 9.8 Exceptional 98 reviews,"Suite with Garden View Private suite • 1 bedroom • 1 living room • 1 bathroom • 31 m² 2 beds (1 sofa bed, 1 large double) Free cancellation Only 1 left at this price on our site"
Casbah Boutique Hotel,https://www.booking.com/hotel/gr/fragedis.en-gb.html,€ 102,Scored 9.3 9.3 Superb 188 reviews,Deluxe Double Room with Balcony 1 large double bed Only 1 room left at this price on our site
villa archontiko ASKYFOU SFAKIA,https://www.booking.com/hotel/gr/villa-archontiko.en-gb.html,€ 375,Scored 9.8 9.8 Exceptional 10 reviews,"Villa Entire villa • 4 bedrooms • 1 living room • 3 bathrooms • 1 kitchen • 123 m² 4 beds (3 doubles, 1 large double)"
Garden House,https://www.booking.com/hotel/gr/garden-house-chora-sfakion.en-gb.html,€ 54,Scored 8.5 8.5 Very good 449 reviews,Twin Room with Sea View 1 double bed Free cancellation Only 1 room left at this price on our site
SMAROULA,https://www.booking.com/hotel/gr/smaroula-chania.en-gb.html,€ 62,Scored 8.4 8.4 Very good 354 reviews,"Deluxe Triple Room 2 beds (1 single, 1 large double) Only 1 room left at this price on our site"
AZADE Chania,https://www.booking.com/hotel/gr/azade-chania-chania1234.en-gb.html,€ 259,Scored 9.7 9.7 Exceptional 151 reviews,"One-Bedroom Suite Private suite 2 beds (1 sofa bed, 1 large double) Breakfast included Only 1 left at this price on our site"
Mylos Seaside Experience,https://www.booking.com/hotel/gr/mylos-seaside-experience-fragkokastello.en-gb.html,€ 83,Scored 9.3 9.3 Superb 94 reviews,Twin Room with Sea View 2 single beds Free cancellation Only 2 rooms left at this price on our site
Summer Beach Hotel,https://www.booking.com/hotel/gr/summer-beach-georgioupoli.en-gb.html,€ 127,Scored 8.8 8.8 Fabulous 7 reviews,"Superior Double Room 2 beds (1 single, 1 large double) Breakfast included Free cancellation No prepayment needed – pay at the property Only 6 rooms left at this price on our site"
Mouri Village,https://www.booking.com/hotel/gr/mouri-village-mouri-kisamos1234567891011121314151617.en-gb.html,€ 102,Scored 7.9 7.9 Good 10 reviews,"One-Bedroom House Entire holiday home • 1 bedroom • 1 living room • 1 bathroom • 1 kitchen • 65 m² 2 beds (1 double, 1 sofa bed)"
Mari Helen,https://www.booking.com/hotel/gr/mari-helen.en-gb.html,€ 79,Scored 9.4 9.4 Superb 31 reviews,One-Bedroom Apartment Entire apartment • 1 bedroom • 1 bathroom • 1 kitchen • 35 m² 1 double bed Only 1 left at this price on our site
New Boutique Venetian apartments - La Casa Nove,https://www.booking.com/hotel/gr/la-casa-nove-new-boutique-venetian-apartments.en-gb.html,€ 130,Scored 8.0 8.0 Very good 1 review,"One-Bedroom Apartment Ground Floor Entire apartment • 1 bedroom • 1 living room • 1 bathroom • 1 kitchen • 30 m² 2 beds (1 sofa bed, 1 large double) Only 1 left at this price on our site"
Laurel Heights Apartment,https://www.booking.com/hotel/gr/laurel-heights-apartment.en-gb.html,€ 332,Scored 9.4 9.4 Superb 5 reviews,"Three-Bedroom Apartment Entire apartment • 3 bedrooms • 1 living room • 2 bathrooms • 1 kitchen • 120 m² 4 beds (2 singles, 2 doubles)"
Central,https://www.booking.com/hotel/gr/central-khania1.en-gb.html,€ 67,Scored 7.8 7.8 Good 50 reviews,"One-Bedroom Apartment Entire apartment • 1 bedroom • 1 living room • 1 bathroom • 1 kitchen • 35 m² 3 beds (2 sofa beds, 1 large double) Free cancellation Only 2 left at this price on our site"
Villa Lakki's Ori,https://www.booking.com/hotel/gr/villa-lakkis-ori.en-gb.html,€ 150,Scored 9.6 9.6 Exceptional 34 reviews,"Three-Bedroom Villa Entire villa • 3 bedrooms • 2 bathrooms • 1 kitchen • 140 m² 4 beds (2 singles, 2 large doubles)"
Dinas's Cottage Ideal Base for Balos and Elafonisi,https://www.booking.com/hotel/gr/dinas-cottage-near-balos-and-elafonisi.en-gb.html,€ 113,Scored 9.9 9.9 Exceptional 9 reviews,"Two-Bedroom Apartment Entire apartment • 2 bedrooms • 1 living room • 2 bathrooms • 1 kitchen • 90 m² 5 beds (2 singles, 2 sofa beds, 1 large double) Free cancellation"
Mansion D,https://www.booking.com/hotel/gr/mansion-d.en-gb.html,€ 257,Scored 9.7 9.7 Exceptional 34 reviews,"Three-Bedroom Villa Entire villa • 3 bedrooms • 1 living room • 3 bathrooms • 1 kitchen • 190 m² 6 beds (2 singles, 2 sofa beds, 2 large doubles) Free cancellation"
Hotel Elman,https://www.booking.com/hotel/gr/elman-chania.en-gb.html,€ 67,Scored 9.0 9.0 Superb 84 reviews,"Double Room with Balcony 2 beds (1 extra-large double, 1 sofa bed) Only 1 room left at this price on our site"
Sunrise Apartment 2,https://www.booking.com/hotel/gr/sunrise-apartment-2.en-gb.html,€ 77,Scored 9.4 9.4 Superb 94 reviews,"One-Bedroom Apartment Entire apartment • 1 bedroom • 1 living room • 1 bathroom • 1 kitchen • 42 m² 2 beds (1 double, 1 sofa bed)"
Aphrodite View,https://www.booking.com/hotel/gr/aphrodite-view.en-gb.html,€ 151,Scored 10 10 Exceptional 23 reviews,One-Bedroom Apartment Entire apartment • 1 bedroom • 1 living room • 1 bathroom • 1 kitchen • 55 m² 1 large double bed Free cancellation Only 1 left at this price on our site
Cozy Home (close to the beach),https://www.booking.com/hotel/gr/cozy-home-close-to-the-beach.en-gb.html,€ 68,Scored 9.7 9.7 Exceptional 42 reviews,"One-Bedroom House Entire holiday home • 1 bedroom • 1 living room • 1 bathroom • 1 kitchen • 50 m² 2 beds (1 double, 1 sofa bed) Free cancellation"
Urban Residences Chania,https://www.booking.com/hotel/gr/urban-residences-chania.en-gb.html,€ 120,Scored 8.8 8.8 Fabulous 216 reviews,"Apartment - Ground Floor Entire apartment • 1 bedroom • 1 bathroom • 1 kitchen • 43 m² 2 beds (1 double, 1 sofa bed) Free cancellation Only 1 left at this price on our site"
Afrodite's House-Restaurated Oil Factory,https://www.booking.com/hotel/gr/afrodites-house-restaurated-oil-factory.en-gb.html,€ 95,Scored 9.5 9.5 Exceptional 18 reviews,"Two-Bedroom House Entire holiday home • 2 bedrooms • 1 living room • 1 bathroom • 1 kitchen • 65 m² 4 beds (2 doubles, 2 sofa beds) Free cancellation"
Agia Roumeli APARTMENT,https://www.booking.com/hotel/gr/agia-roumeli-apartment.en-gb.html,€ 70,Scored 9.5 9.5 Exceptional 16 reviews,Apartment - Ground Floor Entire apartment • 1 bedroom • 1 bathroom • 1 kitchen • 25 m² 1 large double bed Free cancellation No prepayment needed – pay at the property
New Cozy Chic Apt-Ryfete Luxury Living,https://www.booking.com/hotel/gr/new-cozy-chic-apt-ryfete-luxury-living.en-gb.html,€ 178,Scored 9.3 9.3 Superb 45 reviews,"One-Bedroom Apartment Entire apartment • 1 bedroom • 1 living room • 1 bathroom • 1 kitchen • 45 m² 2 beds (1 double, 1 sofa bed) Free cancellation"
Hotel Agia Roumeli by the SEA,https://www.booking.com/hotel/gr/agia-roumeli-by-the-sea.en-gb.html,€ 113,Scored 9.4 9.4 Superb 43 reviews,Suite with Sea View Private suite 1 extra-large double bed Breakfast included Free cancellation No prepayment needed – pay at the property
Belle Verte City Chania,https://www.booking.com/hotel/gr/anastazia-39-s-belle-verte-chania.en-gb.html,€ 119,Scored 9.7 9.7 Exceptional 49 reviews,"One-Bedroom Apartment Entire apartment • 1 bedroom • 1 living room • 1 bathroom • 1 kitchen • 61 m² 3 beds (1 double, 2 sofa beds)"
Captain Michalis Apartments - 750m from Kalamaki Beach,https://www.booking.com/hotel/gr/captain-mihalis-galatas.en-gb.html,€ 72,Scored 7.2 7.2 Good 26 reviews,"Apartment with Sea View Entire apartment • 1 bedroom • 1 living room • 1 bathroom • 40 m² 2 beds (1 double, 1 sofa bed) Free cancellation Only 1 left at this price on our site"
Chania dream apartment,https://www.booking.com/hotel/gr/chania-dream-apartment.en-gb.html,€ 124,Scored 9.6 9.6 Exceptional 68 reviews,Two-Bedroom Apartment Entire apartment • 2 bedrooms • 1 bathroom • 1 kitchen • 85 m² 2 double beds
Vryses Crete-Village Vibes,https://www.booking.com/hotel/gr/village-vibes.en-gb.html,€ 87,Scored 8.8 8.8 Fabulous 71 reviews,"Deluxe Studio Entire studio • 1 bathroom • 1 kitchen • 40 m² 3 beds (1 single, 1 double, 1 sofa bed) Only 2 left at this price on our site"
Casa Nostos,https://www.booking.com/hotel/gr/casa-nostos-chania1.en-gb.html,€ 112,Scored 9.6 9.6 Exceptional 136 reviews,"Deluxe Double Room (2 Adults + 1 Child) 2 beds (1 sofa bed, 1 large double) No prepayment needed – pay at the property Only 2 rooms left at this price on our site"
The Authentic Village Boutique Hotel,https://www.booking.com/hotel/gr/authentic-village.en-gb.html,€ 107,Scored 9.7 9.7 Exceptional 683 reviews,Double Room with Garden View 1 large double bed Only 2 rooms left at this price on our site
KOYNTOYRA ROOMS,https://www.booking.com/hotel/gr/koyntoyra-rooms-khania.en-gb.html,€ 46,Scored 9.0 9.0 Superb 264 reviews,"Triple Room with Mountain View 2 beds (1 single, 1 double) Only 1 room left at this price on our site"
Gonis Grand Luxury Suite,https://www.booking.com/hotel/gr/gonis-grand-luxury-suite.en-gb.html,€ 232,Scored 9.2 9.2 Superb 18 reviews,"Two-Bedroom Apartment Entire apartment • 2 bedrooms • 1 living room • 2 bathrooms • 1 kitchen • 100 m² 4 beds (2 sofa beds, 2 large doubles)"
Cretan fleur apartments,https://www.booking.com/hotel/gr/cretan-fleur-apartments.en-gb.html,€ 101,Scored 9.3 9.3 Superb 84 reviews,Ground Floor Studio with Sea View Entire studio • 1 bathroom • 1 kitchen • 45 m² Multiple bed types Free cancellation Only 1 left at this price on our site
Villa Iannis in Almyrida slechts 350m van het Strand - Auto huren niet nodig - Gratis Samariakloof,https://www.booking.com/hotel/gr/villa-iannis-in-almyrida-only-350m-from-beach-book-now-2021.en-gb.html,€ 183,Scored 9.3 9.3 Superb 3 reviews,"Three-Bedroom Villa Entire villa • 3 bedrooms • 2 bathrooms • 1 kitchen • 190 m² 5 beds (2 singles, 1 extra-large double, 2 sofa beds)"
Houmas Apartments,https://www.booking.com/hotel/gr/houmas-apartments.en-gb.html,€ 77,Scored 9.6 9.6 Exceptional 165 reviews,"Apartment with Sea View Entire apartment • 1 bedroom • 1 bathroom • 1 kitchen • 33 m² 2 beds (1 single, 1 large double) Only 4 left at this price on our site"
Villa Anastasia Kalyves,https://www.booking.com/hotel/gr/villa-anastasia-kalyves-kalubes.en-gb.html,€ 227,Scored 9.8 9.8 Exceptional 19 reviews,"Villa Entire villa • 3 bedrooms • 1 living room • 2 bathrooms • 1 kitchen • 180 m² 6 beds (5 singles, 1 double)"
Olivia,https://www.booking.com/hotel/gr/olivia-chania.en-gb.html,€ 73,Scored 9.4 9.4 Superb 92 reviews,One-Bedroom House Entire holiday home • 1 bedroom • 1 bathroom • 1 kitchen • 35 m² 1 double bed Free cancellation
Minos Country Living Apartments,https://www.booking.com/hotel/gr/minos-country-living-apartments.en-gb.html,€ 74,Scored 8.7 8.7 Fabulous 299 reviews,Studio - Disability Access Entire studio • 1 bathroom • 27 m² 1 double bed Only 1 left at this price on our site
Menelaos Apartments,https://www.booking.com/hotel/gr/menelaos-apartments-daratsos.en-gb.html,€ 53,Scored 9.6 9.6 Exceptional 73 reviews,"One-Bedroom Apartment Entire apartment • 1 bedroom • 1 living room • 1 bathroom • 45 m² 3 beds (2 singles, 1 sofa bed)"
Canna Villa,https://www.booking.com/hotel/gr/villa-canna.en-gb.html,€ 170,Scored 8.5 8.5 Very good 16 reviews,"Villa with Private Pool Entire villa • 1 bedroom • 1 living room • 1 bathroom • 55 m² 2 beds (1 double, 1 sofa bed) Free cancellation"
Argilos Apartments,https://www.booking.com/hotel/gr/argilos-apartments.en-gb.html,€ 99,Scored 8.5 8.5 Very good 21 reviews,"One-Bedroom Apartment Entire apartment • 1 bedroom • 1 living room • 1 bathroom • 1 kitchen • 55 m² 2 beds (1 double, 1 sofa bed) Only 2 left at this price on our site"
Traditional Crete Villa Villa Blue Mantzourana Stunning Views 1 Bedroom Samonas,https://www.booking.com/hotel/gr/traditional-crete-villa-villa-blue-mantzourana-stunning-views-1-bedroom-samonas.en-gb.html,€ 188,,"One-Bedroom Villa Entire villa • 1 bedroom • 1 living room • 1 bathroom • 1 kitchen • 150 m² 2 beds (1 double, 1 sofa bed)"
Samonas Traditional Villas Purple Villa Malotira - 85M² Maisonette,https://www.booking.com/hotel/gr/traditional-crete-villa-villa-purple-malotira-stunning-views-1-bedroom-samonas.en-gb.html,€ 990,,"One-Bedroom Villa Entire villa • 1 bedroom • 1 living room • 1 bathroom • 1 kitchen • 150 m² 2 beds (1 double, 1 sofa bed)"
Samonas Traditional Villas Orange Villa Diktamos - 65M2 Maisonette,https://www.booking.com/hotel/gr/traditional-crete-villa-villa-orange-diktamos-stunning-views-1-bedroom-samonas.en-gb.html,€ 950,,"One-Bedroom Villa Entire villa • 1 bedroom • 1 living room • 1 bathroom • 1 kitchen • 150 m² 2 beds (1 double, 1 sofa bed)"
Samonas Traditional Villas Green Villa Faskomilia - 75M² Maisonette,https://www.booking.com/hotel/gr/traditional-crete-villa-villa-green-faskomilia-stunning-views-1-bedroom-samonas.en-gb.html,€ 975,,"One-Bedroom Villa Entire villa • 1 bedroom • 1 living room • 1 bathroom • 1 kitchen • 150 m² 2 beds (1 double, 1 sofa bed)"
Anopoli Rooms,https://www.booking.com/hotel/gr/anopoli-rooms.en-gb.html,€ 62,Scored 9.6 9.6 Exceptional 216 reviews,Quadruple Room 4 single beds No prepayment needed – pay at the property Only 4 rooms left at this price on our site
Galini Apartment's-Suites,https://www.booking.com/hotel/gr/galini-apartment-39-s.en-gb.html,€ 57,Scored 9.6 9.6 Exceptional 133 reviews,"Triple Room with Balcony 2 beds (1 double, 1 sofa bed) Only 1 room left at this price on our site"
Libyan Sunrise,https://www.booking.com/hotel/gr/galaxy-rooms-khania.en-gb.html,€ 63,Scored 9.1 9.1 Superb 296 reviews,"Triple Room 2 beds (1 single, 1 extra-large double) Free cancellation No prepayment needed – pay at the property Only 1 room left at this price on our site"
Villa Kermes Heated Pool,https://www.booking.com/hotel/gr/kermes-villa.en-gb.html,€ 262,Scored 9.3 9.3 Superb 45 reviews,"Villa Entire villa • 5 bedrooms • 1 living room • 3 bathrooms • 1 kitchen • 220 m² 7 beds (1 bunk bed, 2 sofa beds, 4 large doubles)"
Mirabile Luxury Suites,https://www.booking.com/hotel/gr/mirabile-luxury-suites-chania.en-gb.html,€ 109,Scored 9.5 9.5 Exceptional 417 reviews,"Junior Suite Private suite 2 beds (1 sofa bed, 1 large double) Free cancellation Only 1 left at this price on our site"
On the sand 2,https://www.booking.com/hotel/gr/on-the-sand-khania.en-gb.html,€ 77,Scored 9.3 9.3 Superb 52 reviews,"Superior Apartment Entire apartment • 1 bedroom • 1 living room • 1 bathroom • 40 m² 2 beds (1 double, 1 sofa bed) Free cancellation"
Balance Hotel,https://www.booking.com/hotel/gr/balance.en-gb.html,€ 107,Scored 9.5 9.5 Exceptional 854 reviews,Queen Room - Disability Access 1 large double bed Free cancellation No prepayment needed – pay at the property Only 1 room left at this price on our site
On the sand 1,https://www.booking.com/hotel/gr/on-the-sand.en-gb.html,€ 77,Scored 9.2 9.2 Superb 61 reviews,"Superior Apartment Entire apartment • 1 bedroom • 1 living room • 1 bathroom • 1 kitchen • 40 m² 2 beds (1 sofa bed, 1 large double) Free cancellation"
Elia Portou Luxury Residence,https://www.booking.com/hotel/gr/elia-portou-luxury-residence.en-gb.html,€ 90,Scored 8.8 8.8 Fabulous 151 reviews,Standard Double Room 1 large double bed Only 1 room left at this price on our site
Konmari Boutique Suites,https://www.booking.com/hotel/gr/konmari.en-gb.html,€ 72,Scored 9.0 9.0 Superb 262 reviews,Superior Studio Entire studio • 1 bathroom • 30 m² 1 large double bed Free cancellation Only 1 left at this price on our site
Kostakis Beach,https://www.booking.com/hotel/gr/kostakis-beach.en-gb.html,€ 81,Scored 9.0 9.0 Superb 217 reviews,"Studio with Sea View Entire studio • 1 bathroom • 30 m² 3 beds (2 singles, 1 sofa bed) Breakfast included Only 7 left at this price on our site"
Despina Apartments,https://www.booking.com/hotel/gr/despina-apartments-xania.en-gb.html,€ 74,Scored 8.4 8.4 Very good 58 reviews,Standard Triple Studio Entire studio • 1 bathroom • 1 kitchen • 30 m² 3 single beds Only 1 left at this price on our site
Four Seasons Homes,https://www.booking.com/hotel/gr/four-seasons-homes.en-gb.html,€ 178,Scored 9.8 9.8 Exceptional 30 reviews,"Three-Bedroom House Entire holiday home • 3 bedrooms • 3 bathrooms • 1 kitchen • 125 m² 4 beds (2 singles, 1 double, 1 large double) Free cancellation No prepayment needed – pay at the property Only 1 left at this price on our site"
Lafo Rooms,https://www.booking.com/hotel/gr/lafo-apts.en-gb.html,€ 79,Scored 9.1 9.1 Superb 700 reviews,Budget Double Room 1 large double bed Only 1 room left at this price on our site
Kaktos 1,https://www.booking.com/hotel/gr/kaktos1.en-gb.html,€ 114,Scored 9.6 9.6 Exceptional 12 reviews,"Three-Bedroom Villa Entire villa • 3 bedrooms • 1 living room • 1 bathroom • 104 m² 6 beds (2 singles, 1 double, 1 extra-large double, 1 sofa bed, 1 large double)"
"Wonderful Villa in Chania with Private Pool, Panoramic Sea Views & Spacious Interiors",https://www.booking.com/hotel/gr/villa-coziness.en-gb.html,€ 434,Scored 8.0 8.0 Very good 13 reviews,"Villa Entire villa • 5 bedrooms • 2 living rooms • 4 bathrooms • 1 kitchen • 300 m² 9 beds (6 singles, 3 doubles)"
Pearl Seaside Cozy Apartments,https://www.booking.com/hotel/gr/stratos-lux-apartment-55sqm.en-gb.html,€ 83,Scored 8.8 8.8 Fabulous 317 reviews,"One-Bedroom Apartment Entire apartment • 1 bedroom • 1 living room • 1 bathroom • 1 kitchen • 45 m² 4 beds (3 sofa beds, 1 large double) Only 3 left at this price on our site"
Panoramio Paleochora Apartments,https://www.booking.com/hotel/gr/panoramio.en-gb.html,€ 76,Scored 7.6 7.6 Good 166 reviews,"Apartment with Mountain View Entire apartment • 2 bedrooms • 1 living room • 1 bathroom • 1 kitchen • 60 m² 4 beds (2 singles, 1 double, 1 sofa bed) Only 3 left at this price on our site"
Okeanis Golden Resort,https://www.booking.com/hotel/gr/okeanis-golden-resort.en-gb.html,€ 112,Scored 8.8 8.8 Fabulous 56 reviews,"Apartment with Pool View Entire apartment • 1 bedroom • 1 living room • 1 bathroom • 30 m² 3 beds (2 sofa beds, 1 large double) Free cancellation"
Old stone villa in Apokoronas Villa Nostalgia Kreta,https://www.booking.com/hotel/gr/villa-nostalgia-filippos.en-gb.html,€ 268,Scored 9.8 9.8 Exceptional 5 reviews,"Villa Entire villa • 4 bedrooms • 2 living rooms • 1 bathroom • 1 kitchen • 148 m² 5 beds (1 bunk bed, 1 sofa bed, 3 large doubles) Free cancellation"
Celestine Suites,https://www.booking.com/hotel/gr/celestine-suites.en-gb.html,€ 163,Scored 9.0 9.0 Superb 38 reviews,Studio with Ocean View Entire studio • 1 bathroom • 30 m² 1 extra-large double bed Only 1 left at this price on our site
Stefan Village Hotel,https://www.booking.com/hotel/gr/stefan-village.en-gb.html,€ 104,Scored 9.2 9.2 Superb 178 reviews,"Deluxe Studio Entire studio • 1 bathroom • 35 m² 2 beds (1 double, 1 sofa bed) Breakfast included Free cancellation Only 1 left at this price on our site"
Strofi House,https://www.booking.com/hotel/gr/strofi-house.en-gb.html,€ 72,Scored 8.0 8.0 Very good 1 review,"Three-Bedroom House Entire holiday home • 3 bedrooms • 1 living room • 1 bathroom • 1 kitchen • 72 m² 4 beds (2 singles, 2 doubles) Free cancellation"
Mare Blue Suites,https://www.booking.com/hotel/gr/mare-blue-amp-suites.en-gb.html,€ 132,Scored 7.4 7.4 Good 21 reviews,Single Room Multiple bed types Only 1 room left at this price on our site
Agarathos Deluxe Homes In the Heart of Kaliviani Near Balos,https://www.booking.com/hotel/gr/agarathos-homes-kissamos.en-gb.html,€ 76,Scored 9.4 9.4 Superb 251 reviews,"One-Bedroom Apartment Entire holiday home • 1 bedroom • 1 living room • 1 bathroom • 1 kitchen • 36 m² 2 beds (1 double, 1 sofa bed) Only 1 left at this price on our site"
Resitour - Aphrodite Beachfront,https://www.booking.com/hotel/gr/aphrodite-beachfront.en-gb.html,€ 89,Scored 8.8 8.8 Fabulous 414 reviews,"Two-Room Apartment Entire apartment • 2 bedrooms • 1 living room • 1 bathroom • 1 kitchen • 50 m² 2 beds (1 single, 1 double) Free cancellation Only 2 left at this price on our site"
M City Hotel,https://www.booking.com/hotel/gr/m-city.en-gb.html,€ 144,Scored 9.3 9.3 Superb 356 reviews,Standard Double Room 1 large double bed Breakfast included Free cancellation Only 3 rooms left at this price on our site
Endless Blue,https://www.booking.com/hotel/gr/pakhia-ammos.en-gb.html,€ 82,Scored 9.2 9.2 Superb 402 reviews,Superior Studio with Sea View Entire studio • 1 bathroom • 1 kitchen • 24 m² 1 large double bed Only 1 left at this price on our site
To Spiti mas,https://www.booking.com/hotel/gr/to-spiti-mas-sougia.en-gb.html,€ 93,Scored 9.6 9.6 Exceptional 176 reviews,"Deluxe Apartment Entire apartment • 1 bedroom • 1 living room • 1 bathroom • 1 kitchen • 45 m² 3 beds (2 sofa beds, 1 large double) Free cancellation Only 1 left at this price on our site"
house in the village near the sea,https://www.booking.com/hotel/gr/house-in-the-village-near-the-sea.en-gb.html,€ 85,Scored 8.9 8.9 Fabulous 23 reviews,"Apartment with Garden View Entire apartment • 2 bedrooms • 1 living room • 1 bathroom • 1 kitchen • 75 m² 4 beds (1 extra-large double, 2 bunk beds, 1 sofa bed)"
"Elafonisi Paradise with Parking, WiFi, - Walking Distance to the Beach",https://www.booking.com/hotel/gr/elafonisi-paradise.en-gb.html,€ 65,Scored 9.1 9.1 Superb 678 reviews,Double Room with Garden View 1 double bed Only 2 rooms left at this price on our site
Adamas Rooms,https://www.booking.com/hotel/gr/adamas-palaiochora.en-gb.html,€ 65,Scored 8.8 8.8 Fabulous 71 reviews,Studio Apartment Entire apartment • 1 bedroom • 1 bathroom • 21 m² 2 single beds Only 1 left at this price on our site
Tzitzifianaki Cozy Apartment,https://www.booking.com/hotel/gr/tzitziphianake-diamerisma.en-gb.html,€ 125,Scored 9.7 9.7 Exceptional 49 reviews,"Two-Bedroom Apartment Entire apartment • 2 bedrooms • 1 bathroom • 1 kitchen • 75 m² 2 beds (1 double, 1 large double) Free cancellation"
"Maria & Manos Guest House, Agios Onoufrios beach",https://www.booking.com/hotel/gr/maria-amp-manos-guest-house-near-the-beach.en-gb.html,€ 102,Scored 9.8 9.8 Exceptional 18 reviews,"One-Bedroom Apartment Entire apartment • 1 bedroom • 1 living room • 1 bathroom • 1 kitchen • 45 m² 2 beds (1 sofa bed, 1 large double)"
Panoramic Balos Sea View House,https://www.booking.com/hotel/gr/panoramic-balos-sea-view-house.en-gb.html,€ 102,Scored 9.2 9.2 Superb 5 reviews,"Two-Bedroom Apartment Entire apartment • 2 bedrooms • 1 living room • 1 bathroom • 1 kitchen • 85 m² 4 beds (2 singles, 1 double, 1 sofa bed)"
Konstantina Apartment near the Beach,https://www.booking.com/hotel/gr/konstantina-s-apartment-near-the-beach.en-gb.html,€ 93,Scored 9.0 9.0 Superb 46 reviews,"One-Bedroom Apartment Entire apartment • 1 bedroom • 1 living room • 1 bathroom • 1 kitchen • 65 m² 2 beds (1 double, 1 sofa bed) Free cancellation"
Antartisa B&B,https://www.booking.com/hotel/gr/antartisa-bnb.en-gb.html,€ 50,Scored 9.0 9.0 Superb 513 reviews,Economy Double Room 1 double bed Free cancellation Only 2 rooms left at this price on our site
Athina Suites Luxury Suites Near The Sea Platanias,https://www.booking.com/hotel/gr/athina-suites-platanias-khania-pole.en-gb.html,€ 118,Scored 9.2 9.2 Superb 172 reviews,"One-Bedroom Apartment Entire apartment • 1 bedroom • 1 living room • 1 kitchen • 35 m² 2 beds (1 sofa bed, 1 large double) Only 5 left at this price on our site"
Lissos Rooms Sougia,https://www.booking.com/hotel/gr/lissos-rooms.en-gb.html,€ 77,Scored 8.8 8.8 Fabulous 290 reviews,Studio with Sea View Entire studio • 1 bathroom • 18 m² 1 large double bed Free cancellation Only 1 left at this price on our site
Katerina Apartments,https://www.booking.com/hotel/gr/katerina-apartments-daratsos.en-gb.html,€ 78,Scored 9.2 9.2 Superb 20 reviews,"Apartment with Balcony Entire apartment • 1 bedroom • 1 living room • 1 bathroom • 45 m² 2 beds (1 sofa bed, 1 large double) Only 4 left at this price on our site"
Konstantina's cottage Ideal BaseforBalos & Elafonisi,https://www.booking.com/hotel/gr/konstantina-39-s-fairytale-house-ama00000011260.en-gb.html,€ 105,Scored 8.8 8.8 Fabulous 26 reviews,"Three-Bedroom House Entire holiday home • 3 bedrooms • 1 living room • 1 bathroom • 1 kitchen • 120 m² 5 beds (2 singles, 1 sofa bed, 2 large doubles) Free cancellation"
Ontas Villa Loutraki Platanias,https://www.booking.com/hotel/gr/ontas-villa-loutraki-platanias.en-gb.html,€ 95,Scored 9.5 9.5 Exceptional 4 reviews,"Three-Bedroom Villa Entire villa • 3 bedrooms • 2 bathrooms • 1 kitchen • 130 m² 3 beds (2 doubles, 1 sofa bed)"
Oriental Bay,https://www.booking.com/hotel/gr/oriental-bar-giannes-thaleia.en-gb.html,€ 82,Scored 8.3 8.3 Very good 273 reviews,Budget Double Room 1 extra-large double bed Breakfast included Free cancellation No prepayment needed – pay at the property Only 3 rooms left at this price on our site
Lydia's Apartments,https://www.booking.com/hotel/gr/lydia-39-s-apartments.en-gb.html,€ 69,Scored 9.2 9.2 Superb 231 reviews,"Apartment with Balcony Entire apartment • 1 bedroom • 1 living room • 1 bathroom • 1 kitchen • 40 m² 2 beds (1 double, 1 sofa bed) Only 1 left at this price on our site"
Elia Kalamaki Hotel,https://www.booking.com/hotel/gr/elia-kalamaki.en-gb.html,€ 79,Scored 8.7 8.7 Fabulous 324 reviews,Classic Room with Balcony Beds: 1 double or 2 singles Breakfast included Only 3 rooms left at this price on our site
Villa Alexandra,https://www.booking.com/hotel/gr/alexandra-villa-sea-view-house.en-gb.html,€ 245,Scored 9.7 9.7 Exceptional 30 reviews,"Villa Entire villa • 4 bedrooms • 1 living room • 3 bathrooms • 1 kitchen • 150 m² 7 beds (2 singles, 2 extra-large doubles, 2 sofa beds, 1 large double) Only 1 left at this price on our site"
Nefeli Rooms,https://www.booking.com/hotel/gr/sea-blue-apartment.en-gb.html,€ 82,Scored 7.7 7.7 Good 62 reviews,"Twin Room with Sea View 2 beds (1 single, 1 sofa bed) Only 2 rooms left at this price on our site"
Kissamos View Apartment,https://www.booking.com/hotel/gr/kissamos-view-apartment.en-gb.html,€ 112,Scored 8.4 8.4 Very good 42 reviews,"Holiday Home Entire holiday home • 2 bedrooms • 1 living room • 1 bathroom • 1 kitchen • 78 m² 3 beds (1 sofa bed, 2 large doubles) Free cancellation No prepayment needed – pay at the property"
Villa Varvara in Almyrida slechts 350m vanaf het strand - Auto huren niet nodig - Gratis Samariakloof,https://www.booking.com/hotel/gr/villa-varvara-almyrida.en-gb.html,€ 184,Scored 9.5 9.5 Exceptional 2 reviews,"Holiday Home Entire holiday home • 3 bedrooms • 1 bathroom • 1 kitchen • 140 m² 5 beds (4 singles, 1 double)"
BO Home,https://www.booking.com/hotel/gr/39-39-bo-39-39-home-khania-pole.en-gb.html,€ 85,Scored 9.6 9.6 Exceptional 52 reviews,"Apartment Entire apartment • 1 bedroom • 1 living room • 1 bathroom • 1 kitchen • 60 m² 2 beds (1 double, 1 sofa bed) Free cancellation Only 1 left at this price on our site"
Antonis Studio,https://www.booking.com/hotel/gr/sunset-studio-2.en-gb.html,€ 52,Scored 7.3 7.3 Good 125 reviews,"One-Bedroom Studio Entire studio • 1 bathroom • 15 m² 2 beds (1 single, 1 double) Free cancellation Only 2 left at this price on our site"
Elvie House,https://www.booking.com/hotel/gr/elvie-house.en-gb.html,€ 120,Scored 8.4 8.4 Very good 73 reviews,"Holiday Home Entire holiday home • 1 bedroom • 1 living room • 1 bathroom • 1 kitchen • 78 m² 3 beds (1 single, 1 extra-large double, 1 sofa bed) Free cancellation"
Cactus,https://www.booking.com/hotel/gr/cactus-nopegeia.en-gb.html,€ 115,Scored 9.3 9.3 Superb 12 reviews,"Apartment Entire apartment • 3 bedrooms • 1 living room • 1 bathroom • 1 kitchen • 104 m² 6 beds (3 doubles, 1 extra-large double, 1 sofa bed, 1 large double)"
Panorama Rooms,https://www.booking.com/hotel/gr/panorama-rooms-agia-roumeli.en-gb.html,€ 38,Scored 8.7 8.7 Fabulous 56 reviews,Apartment Entire apartment • 1 bedroom • 1 living room • 1 bathroom • 20 m² 2 single beds Free cancellation Only 4 left at this price on our site
NK Apartments,https://www.booking.com/hotel/gr/nk-apartments.en-gb.html,€ 60,Scored 9.8 9.8 Exceptional 334 reviews,"Studio Apartment Entire apartment • 1 bedroom • 1 bathroom • 35 m² 2 beds (1 sofa bed, 1 large double) Free cancellation Only 1 left at this price on our site"
Deluxe Suites,https://www.booking.com/hotel/gr/deluxe-suites.en-gb.html,€ 97,Scored 8.7 8.7 Fabulous 175 reviews,"Deluxe Suite with Balcony 2 beds (1 sofa bed, 1 large double) Free cancellation Only 2 rooms left at this price on our site"
EvaEle Luxury Boutique,https://www.booking.com/hotel/gr/evaele.en-gb.html,€ 57,Scored 9.8 9.8 Exceptional 346 reviews,"Apartment - Ground Floor Entire apartment • 1 bedroom • 1 living room • 1 bathroom • 1 kitchen • 40 m² 2 beds (1 sofa bed, 1 large double) Free cancellation Only 2 left at this price on our site"
Ifigenia Theriso Village,https://www.booking.com/hotel/gr/ifigenia-therisso-vilage.en-gb.html,€ 145,Scored 8.4 8.4 Very good 17 reviews,"Superior Villa Entire villa • 2 bedrooms • 2 living rooms • 2 bathrooms • 1 kitchen • 170 m² 4 beds (1 double, 2 sofa beds, 1 large double) Only 1 left at this price on our site"
Erasmia Beachside Suites,https://www.booking.com/hotel/gr/erasmia-suites.en-gb.html,€ 222,Scored 8.8 8.8 Fabulous 74 reviews,"Deluxe Apartment Entire apartment • 2 bedrooms • 1 living room • 1 bathroom • 1 kitchen • 60 m² 5 beds (2 singles, 2 sofa beds, 1 large double) Only 3 left at this price on our site"
Modern 1-bedroom with BBQ & Roof Garden near Beach,https://www.booking.com/hotel/gr/1-bedroom-apartment.en-gb.html,€ 64,Scored 8.0 8.0 Very good 13 reviews,"Apartment with Terrace Entire apartment • 1 bedroom • 1 living room • 1 bathroom • 1 kitchen • 45 m² 2 beds (1 sofa bed, 1 large double) Only 3 left at this price on our site"
Comfortable House near Chania,https://www.booking.com/hotel/gr/2-familienhaus-auf-kreta-auch-fur-eine-grossere-familie-oder-zwei-paare-geeignet.en-gb.html,€ 206,Scored 8.2 8.2 Very good 5 reviews,"Holiday Home Entire holiday home • 2 bedrooms • 2 living rooms • 1 bathroom • 1 kitchen • 96 m² 4 beds (2 doubles, 2 sofa beds) Free cancellation Only 1 left at this price on our site"
Sonja Beachfront Apartments,https://www.booking.com/hotel/gr/sonia-1.en-gb.html,€ 63,Scored 8.6 8.6 Fabulous 84 reviews,Sonja 1 Entire apartment • 2 bedrooms • 1 living room • 1 bathroom • 1 kitchen • 50 m² 2 double beds Free cancellation Only 1 left at this price on our site
Niki Rooms,https://www.booking.com/hotel/gr/niki-rooms-palaiochora.en-gb.html,€ 55,Scored 9.1 9.1 Superb 220 reviews,Triple Room with Balcony 3 single beds Only 1 room left at this price on our site
Panorama,https://www.booking.com/hotel/gr/panorama-kissamos.en-gb.html,€ 69,Scored 8.3 8.3 Very good 545 reviews,Economy Double Room 1 double bed Only 1 room left at this price on our site
Sofia's Lovely Rooms,https://www.booking.com/hotel/gr/sofias-lovely-rooms.en-gb.html,€ 77,Scored 9.7 9.7 Exceptional 367 reviews,Deluxe Double Room with Balcony 1 extra-large double bed No prepayment needed – pay at the property Only 2 rooms left at this price on our site
AnDi's Apartment's Paleochora,https://www.booking.com/hotel/gr/andi-39-s-apartments.en-gb.html,€ 87,Scored 9.5 9.5 Exceptional 87 reviews,"Apartment - Ground Floor Entire apartment • 1 bedroom • 1 living room • 1 bathroom • 1 kitchen • 35 m² 2 beds (1 sofa bed, 1 large double) Only 1 left at this price on our site"
MG Cozy Garden View Studio,https://www.booking.com/hotel/gr/mg-sea-view-house.en-gb.html,€ 92,Scored 8.7 8.7 Fabulous 43 reviews,"Studio with Garden View Entire studio • 1 bathroom • 1 kitchen • 30 m² 2 beds (1 double, 1 sofa bed) Only 1 left at this price on our site"
White Lake Holiday House,https://www.booking.com/hotel/gr/white-lake-holiday-house.en-gb.html,€ 149,Scored 9.6 9.6 Exceptional 47 reviews,"Holiday Home Entire holiday home • 2 bedrooms • 1 living room • 2 bathrooms • 1 kitchen • 80 m² 4 beds (1 single, 2 extra-large doubles, 1 sofa bed)"
Nival Luxury Suites,https://www.booking.com/hotel/gr/nival-suites.en-gb.html,€ 134,Scored 9.7 9.7 Exceptional 389 reviews,"Suite with Balcony Private suite • 1 bedroom • 1 living room • 1 bathroom • 30 m² 2 beds (1 sofa bed, 1 large double) Only 3 left at this price on our site"
Domus Fresco,https://www.booking.com/hotel/gr/chaniainn.en-gb.html,€ 182,Scored 9.5 9.5 Exceptional 150 reviews,Double Room with Sea View 1 large double bed Free cancellation Only 1 room left at this price on our site
Madonna del Mare,https://www.booking.com/hotel/gr/madonna-del-mare.en-gb.html,€ 121,Scored 9.1 9.1 Superb 124 reviews,"One-Bedroom Suite - No Balcony Private suite • 1 bedroom • 1 living room • 1 bathroom • 35 m² 3 beds (2 sofa beds, 1 large double) Only 2 left at this price on our site"
Sfakian Horizon,https://www.booking.com/hotel/gr/notos-suites.en-gb.html,€ 77,Scored 8.9 8.9 Fabulous 578 reviews,Deluxe Double Room with Side Sea View 2 single beds Free cancellation Only 4 rooms left at this price on our site
Gonis Suites,https://www.booking.com/hotel/gr/gonis-suites.en-gb.html,€ 106,Scored 8.9 8.9 Fabulous 79 reviews,"Apartment with City View Entire apartment • 1 bedroom • 1 living room • 1 bathroom • 45 m² 2 beds (1 sofa bed, 1 large double) Only 1 left at this price on our site"
Adam,https://www.booking.com/hotel/gr/adam-falasarna.en-gb.html,€ 60,Scored 8.9 8.9 Fabulous 477 reviews,Double Room with Sea View 1 large double bed Only 5 rooms left at this price on our site
Athina Apartments Near The Sea Platania,https://www.booking.com/hotel/gr/athina-apartments-platanias.en-gb.html,€ 101,Scored 8.2 8.2 Very good 37 reviews,"Two-Bedroom House Entire holiday home • 2 bedrooms • 1 living room • 2 bathrooms • 1 kitchen • 65 m² 2 beds (1 double, 1 bunk bed)"
Platanos Rooms,https://www.booking.com/hotel/gr/platanos-rooms-sinoikismos-kambos.en-gb.html,€ 62,Scored 9.3 9.3 Superb 309 reviews,Budget Double Room 2 single beds Free cancellation Only 2 rooms left at this price on our site
Consolas Gavdos Studios,https://www.booking.com/hotel/gr/gavdos-studios.en-gb.html,€ 55,Scored 8.1 8.1 Very good 367 reviews,Studio with Sea View Entire studio • 1 bathroom • 20 m² 1 double bed Free cancellation
Querini Luxury Suites,https://www.booking.com/hotel/gr/querini-luxury-suites.en-gb.html,€ 192,Scored 9.3 9.3 Superb 94 reviews,"Deluxe Suite Private suite • 1 bedroom • 1 living room • 1 bathroom • 35 m² 2 beds (1 extra-large double, 1 sofa bed) Free cancellation Only 1 left at this price on our site"
Argo Rooms-Papadakis,https://www.booking.com/hotel/gr/argo-rooms.en-gb.html,€ 55,Scored 9.3 9.3 Superb 469 reviews,Double Room - No Balcony 1 large double bed Only 2 rooms left at this price on our site
Little House on the Prairie - Chania,https://www.booking.com/hotel/gr/eftihia-stone-villa.en-gb.html,€ 243,Scored 10 10 Exceptional 3 reviews,"Villa with Garden View Entire villa • 2 bedrooms • 1 living room • 1 bathroom • 1 kitchen • 90 m² 4 beds (2 singles, 1 double, 1 sofa bed)"
Olympic View Guesthouse,https://www.booking.com/hotel/gr/olympic-view-guesthouse.en-gb.html,€ 54,Scored 8.9 8.9 Fabulous 241 reviews,Double Room with Balcony and Sea View 1 large double bed Only 2 rooms left at this price on our site
Taverna Akrogiali,https://www.booking.com/hotel/gr/taverna-akrogiali.en-gb.html,€ 67,Scored 9.0 9.0 Superb 670 reviews,Superior Twin Room with Sea View 1 double bed Only 1 room left at this price on our site
Seametry Luxury Living Apartments ADULTS ONLY,https://www.booking.com/hotel/gr/seametry-apartments.en-gb.html,€ 122,Scored 9.1 9.1 Superb 288 reviews,"Apartment with Pool View Entire apartment • 1 bedroom • 1 living room • 1 bathroom • 1 kitchen • 55 m² 5 beds (2 singles, 3 sofa beds) Free cancellation Only 1 left at this price on our site"
Iliana's Bungalow,https://www.booking.com/hotel/gr/iliana-39-s-bungalow.en-gb.html,€ 77,Scored 9.0 9.0 Superb 4 reviews,Standard Apartment Entire apartment • 1 bedroom • 1 bathroom • 45 m² 1 extra-large double bed
C&M Residence Chania Old Town,https://www.booking.com/hotel/gr/c-amp-m-residence-chania-old-town.en-gb.html,€ 101,Scored 9.3 9.3 Superb 317 reviews,"Standard One-Bedroom Apartment Entire apartment • 1 bedroom • 1 living room • 1 bathroom • 35 m² 2 beds (1 sofa bed, 1 large double) Free cancellation Only 1 left at this price on our site"
Villa Bliss,https://www.booking.com/hotel/gr/villa-bliss-kounoupidhiana.en-gb.html,€ 370,Scored 9.0 9.0 Superb 4 reviews,Villa Entire villa • 3 bedrooms • 1 living room • 3 bathrooms • 1 kitchen • 200 m² 6 single beds Free cancellation
Angellinas Apartments,https://www.booking.com/hotel/gr/ntountoulaki-maria.en-gb.html,€ 128,Scored 10 10 Exceptional 3 reviews,"Two-Bedroom Apartment with Balcony and Sea View Entire apartment • 2 bedrooms • 1 living room • 1 bathroom • 1 kitchen • 80 m² 3 beds (1 sofa bed, 2 large doubles) Free cancellation Only 2 left at this price on our site"
Nicole Rooms,https://www.booking.com/hotel/gr/nicole-rooms.en-gb.html,€ 71,Scored 8.9 8.9 Fabulous 238 reviews,Double Room with Sea View 2 single beds Only 1 room left at this price on our site
Crown Apartments,https://www.booking.com/hotel/gr/crown-apartments.en-gb.html,€ 152,Scored 9.3 9.3 Superb 75 reviews,"Apartment with Balcony Entire apartment • 1 bedroom • 1 bathroom • 1 kitchen • 43 m² 3 beds (1 extra-large double, 2 sofa beds) Only 1 left at this price on our site"
John Akroyiali,https://www.booking.com/hotel/gr/john-akroyiali.en-gb.html,€ 78,Scored 8.5 8.5 Very good 160 reviews,Double Room 1 double bed Only 3 rooms left at this price on our site
Vakakis-ME Apartments,https://www.booking.com/hotel/gr/vakakis-me-apartments.en-gb.html,€ 122,Scored 9.5 9.5 Exceptional 120 reviews,"Superior Apartment Entire apartment • 2 bedrooms • 1 living room • 1 bathroom • 1 kitchen • 80 m² 5 beds (2 singles, 2 sofa beds, 1 large double) Free cancellation Only 1 left at this price on our site"
"Domes Noruz Chania, Autograph Collection- Adults Only",https://www.booking.com/hotel/gr/domes-noruz-chania.en-gb.html,€ 329,Scored 9.5 9.5 Exceptional 168 reviews,Upbeat Retreat Pool View with Plunge Pool 1 extra-large double bed Breakfast included Only 1 room left at this price on our site
Poco Loco Bed & Breakfast,https://www.booking.com/hotel/gr/poco-loco.en-gb.html,€ 77,Scored 8.4 8.4 Very good 329 reviews,"Standard Room 2 beds (1 single, 1 double) Only 2 rooms left at this price on our site"
San Salvatore Monastery,https://www.booking.com/hotel/gr/dialogus.en-gb.html,€ 240,Scored 9.5 9.5 Exceptional 38 reviews,Deluxe Suite with Sea View Private suite • 2 bedrooms • 2 living rooms • 1 bathroom • 109 m² 2 large double beds Free cancellation No prepayment needed – pay at the property Only 1 left at this price on our site
Hostel Stylianos Kissamos,https://www.booking.com/hotel/gr/hostel-stylianos-kissamos.en-gb.html,€ 25,Scored 5.1 5.1 Review score 80 reviews,Bed in 6-Bed Mixed Dormitory Room Bed in dormitory 1 bunk bed
Protopapas Rooms,https://www.booking.com/hotel/gr/protopapas-rooms.en-gb.html,€ 57,Scored 9.0 9.0 Superb 489 reviews,Triple Room with Balcony 3 single beds Free cancellation Only 1 room left at this price on our site
Stam's Paradise,https://www.booking.com/hotel/gr/stam-paradise.en-gb.html,€ 173,Scored 9.8 9.8 Exceptional 20 reviews,One-Bedroom Apartment with Sea View (1st floor) Entire apartment • 1 bedroom • 1 living room • 1 bathroom • 1 kitchen • 42 m² 1 large double bed Only 1 left at this price on our site
Domus Renier Boutique Hotel,https://www.booking.com/hotel/gr/domus-renier.en-gb.html,€ 213,Scored 9.6 9.6 Exceptional 251 reviews,Classic Double Room 1 large double bed Breakfast included Only 1 room left at this price on our site
Julies Studios,https://www.booking.com/hotel/gr/julies-studios-chania-town2.en-gb.html,€ 62,Scored 7.2 7.2 Good 500 reviews,"Economy Triple Room 2 beds (1 single, 1 extra-large double) Only 4 rooms left at this price on our site"
Elia Kentron,https://www.booking.com/hotel/gr/elia-kentron-suites.en-gb.html,€ 83,Scored 8.9 8.9 Fabulous 325 reviews,Standard Double Room 1 large double bed Only 1 room left at this price on our site
Panoramic Sea View,https://www.booking.com/hotel/gr/beach-apartments-kanari.en-gb.html,€ 193,Scored 8.3 8.3 Very good 173 reviews,"Suite with Sea View Private suite • 2 bedrooms • 1 living room • 2 bathrooms • 80 m² 4 beds (2 singles, 1 double, 1 sofa bed) Only 1 left at this price on our site"
Savas Rooms,https://www.booking.com/hotel/gr/savas-rooms.en-gb.html,€ 43,Scored 8.5 8.5 Very good 435 reviews,small economic double room 1 double bed No prepayment needed – pay at the property Only 4 rooms left at this price on our site
Elia Agia Marina Hotel,https://www.booking.com/hotel/gr/elia-agia-marina-hotel.en-gb.html,€ 107,Scored 9.3 9.3 Superb 398 reviews,Classic Room Beds: 1 double or 2 singles Breakfast included
Elia Zampeliou Hotel,https://www.booking.com/hotel/gr/elia-zabeliou-boutique-hotel.en-gb.html,€ 131,Scored 9.3 9.3 Superb 187 reviews,Classic Room 1 large double bed Breakfast included Only 2 rooms left at this price on our site
Elia Bettolo Hotel,https://www.booking.com/hotel/gr/elia-chania-town.en-gb.html,€ 115,Scored 9.0 9.0 Superb 467 reviews,Classic Room Beds: 1 double or 2 singles Breakfast included
Seaside Cottage,https://www.booking.com/hotel/gr/seaside-cottage.en-gb.html,€ 148,Scored 10 10 Exceptional 11 reviews,"Three-Bedroom House Entire holiday home • 3 bedrooms • 1 bathroom • 1 kitchen • 80 m² 4 beds (2 singles, 2 doubles)"
Proimos Apartments,https://www.booking.com/hotel/gr/proimos-apartments-gerani-chanion.en-gb.html,€ 152,,"Two-Bedroom Bungalow Entire bungalow • 2 bedrooms • 1 living room • 2 bathrooms • 55 m² 4 beds (2 singles, 1 sofa bed, 1 large double) Free cancellation Only 1 left at this price on our site"
Villa Avra Vrisses Crete,https://www.booking.com/hotel/gr/villa-avra-crete.en-gb.html,€ 199,Scored 10 10 Exceptional 1 review,"Three-Bedroom Villa Entire villa • 3 bedrooms • 1 living room • 3 bathrooms • 1 kitchen • 123 m² 4 beds (1 single, 2 doubles, 1 sofa bed)"
Villa Amvrosia Nr Kalives Crete,https://www.booking.com/hotel/gr/villa-amvrosia-crete.en-gb.html,€ 177,Scored 10 10 Exceptional 3 reviews,"Three-Bedroom Villa Entire villa • 3 bedrooms • 4 bathrooms • 1 kitchen • 120 m² 4 beds (3 singles, 1 double)"
Nektar Beach Hotel,https://www.booking.com/hotel/gr/nektar-beach.en-gb.html,€ 83,Scored 8.9 8.9 Fabulous 27 reviews,Standard Twin Room with Garden View 2 single beds Free cancellation No prepayment needed – pay at the property Only 1 room left at this price on our site
Studios George,https://www.booking.com/hotel/gr/studios-george.en-gb.html,€ 57,Scored 9.3 9.3 Superb 149 reviews,Standard Studio Entire studio • 1 bathroom • 1 kitchen • 18 m² 2 single beds Only 5 left at this price on our site
Elia Daliani,https://www.booking.com/hotel/gr/elia-suites.en-gb.html,€ 86,Scored 8.7 8.7 Fabulous 106 reviews,"Superior Room with Balcony Private suite 2 beds (1 sofa bed, 1 large double) Only 2 left at this price on our site"
Elia Potie,https://www.booking.com/hotel/gr/elia-studios-chania-town.en-gb.html,€ 88,Scored 8.8 8.8 Fabulous 265 reviews,Classic Room with Balcony Beds: 1 double or 2 singles Only 4 rooms left at this price on our site
Alkionides Seaside Hotel,https://www.booking.com/hotel/gr/alkionides-platanias.en-gb.html,€ 81,Scored 9.3 9.3 Superb 364 reviews,"Standard Studio Entire studio • 1 bathroom • 1 kitchen • 22 m² 3 beds (2 singles, 1 sofa bed)"
Margarita Αpartments Sea View,https://www.booking.com/hotel/gr/margarita-apartments-palaiochora.en-gb.html,€ 68,Scored 8.7 8.7 Fabulous 245 reviews,"One-Bedroom Apartment Entire apartment • 1 bedroom • 1 living room • 1 bathroom • 1 kitchen • 65 m² 3 beds (1 double, 2 sofa beds) No prepayment needed – pay at the property"
Villa Ostria,https://www.booking.com/hotel/gr/villa-ostria-georgioupolis.en-gb.html,€ 235,Scored 8.8 8.8 Fabulous 10 reviews,"Three Bedroom Villa with Private Pool Entire villa • 5 bedrooms • 1 living room • 4 bathrooms • 1 kitchen • 140 m² 8 beds (2 singles, 2 doubles, 2 sofa beds, 2 large doubles)"
Manos Apartments,https://www.booking.com/hotel/gr/manos-apartments-almirida.en-gb.html,€ 52,Scored 9.4 9.4 Superb 180 reviews,Apartment with Sea View Entire apartment • 1 bedroom • 1 living room • 1 bathroom • 1 kitchen • 32 m² 2 extra-large double beds Free cancellation Only 2 left at this price on our site
